 Company Id,Company Name,Website,Email,Land Phone,Full Address,Address Line,City,Region,Country,Post Code,Branch Offices,Fax no,Company Size,Status,Employees,Rating,Sectors,Industries,Description,Benefits Package,Terms Agreed,Linkedin,Archived,CreatedOn,ModifiedOn,Last Contacted,#NAME?
wild7ff012d4e7194be5be8a93d8eee6e631,The Marketing Practice,,,4.41236E+11,"Clareville House, 26/27, Oxendon Street, London, Greater London, SW1Y 4EL, United Kingdom","Clareville House, 26/27, Oxendon Street",London,Greater London,United Kingdom,SW1Y 4EL,0,,,,,0,,,,,,,FALSE,06/12/2021 09:25,06/12/2021 09:25,16/06/2024 14:57,
wild16de09024d404c4b9e21a988d575f5c9,SevenC3,http://seven.co.uk,,4.42078E+11,"WeWork 145 City Road, London, Greater London, United Kingdom",WeWork 145 City Road,London,Greater London,United Kingdom,,0,,,Lapsed,,0,,,,,,,FALSE,06/12/2021 09:25,06/12/2021 09:25,16/06/2024 14:57,
wild82cb4faef7074dd78febcc40035c71a0,House 337,https://www.house337.com,,4.42031E+11,"60, Great Portland Street, London, Greater London, W1W 7RT, United Kingdom","60, Great Portland Street",London,Greater London,United Kingdom,W1W 7RT,0,,,Lapsed,,0,,,,,,https://www.linkedin.com/company/house337,FALSE,06/12/2021 09:25,06/12/2021 09:25,16/06/2024 14:57,
wild26e5576286414a9abbe7e4dafe31f7a2,Ogilvy Consulting,https://www.ogilvyconsulting.com/,,4.42032E+11,,,,,,,0,,,Lapsed,,0,,,,,,,FALSE,06/12/2021 09:25,06/12/2021 09:25,16/06/2024 14:57,
wild37075754444e4dfa964b0bacd1602327,Digitas,http://digtas.com,,4.42071E+11,"40 Chancery Lane, London, Greater London, WC2A 1JA, United Kingdom",40 Chancery Lane,London,Greater London,United Kingdom,WC2A 1JA,0,,,Lapsed,,0,,,,,,,FALSE,06/12/2021 09:25,06/12/2021 09:25,16/06/2024 14:57,
wild1d8d4e8710ad462f8561163e29cbb40c,Digital Natives,http://digitalnativescontent.com,,,"2 Richmond Lane, Netil House, Westgate Street, London, Greater London, E8 3RL, United Kingdom",2 Richmond Lane,London,Greater London,United Kingdom,E8 3RL,0,,,Recent Placement,,0,,,,,,,FALSE,06/12/2021 09:25,06/12/2021 09:25,16/06/2024 14:57,
wild003c1e5e778d46cdab0b8680ed76c285,TRO,http://tro.com,,4.42086E+11,"18 Petersham Road, Richmond, Greater London, United Kingdom",18 Petersham Road,Richmond,Greater London,United Kingdom,,0,,,Lapsed,,0,,,,,,,FALSE,06/12/2021 09:25,06/12/2021 09:25,16/06/2024 14:57,
wild7cdd71d03248402f87343a6eeedb9861,Entain,http://Entaingroup.com,,07736125864,"One New Change, London, Greater London, United Kingdom",One New Change,London,Greater London,United Kingdom,,0,,,,,0,,,,,,,FALSE,06/12/2021 09:25,06/12/2021 09:25,16/06/2024 14:57,
wild32c259d564144cf69277a64a1f6e59bf,We Are Fearless,http://wearefearless.com,,4.42071E+11,"80 Middlesex Street, Floor 3, London, Greater London, United Kingdom",80 Middlesex Street,London,Greater London,United Kingdom,,1,,,,,0,,,,,,,FALSE,06/12/2021 09:25,13/08/2024 15:06,13/08/2024 15:13,
wild8ab519b2048c437d917e3171e6dd5e90,BMB,http://bmbagency.com,,4.42076E+11,"The Crane Building, 22 Lavington Street, London, Greater London, United Kingdom",The Crane Building,London,Greater London,United Kingdom,,0,,,Lapsed,,0,,,,,,,FALSE,06/12/2021 09:25,06/12/2021 09:25,16/06/2024 14:57,
wild9dac6c0f71d84741a9f91889932baa55,Initials,,,4.42077E+11,"4th Floor, Lion Court, 25 Procter Street, London, Greater London, United Kingdom","4th Floor, Lion Court",London,Greater London,United Kingdom,,0,,,Lapsed,,0,,,,,,,FALSE,06/12/2021 09:25,06/12/2021 09:25,16/06/2024 14:57,
wild409da89676564e1cae384505b5e1493c,Fox + Hare,,,4.42035E+11,"116 Commercial Street, London, Greater London, E1 6NF, United Kingdom",116 Commercial Street,London,Greater London,United Kingdom,E1 6NF,0,,,Lapsed,,0,,,,,,,FALSE,06/12/2021 09:25,06/12/2021 09:25,16/06/2024 14:57,
wilddd78fc0e46d6447fa8546031e942357e,Now Advertising,https://thisisnow.com/,,4.42074E+11,"Unit 120, Exmouth House, 3-11 Pine Street, London, Greater London, United Kingdom","Unit 120, Exmouth House",London,Greater London,United Kingdom,,0,,,Lapsed,,0,,,,,,,FALSE,06/12/2021 09:25,06/12/2021 09:25,16/06/2024 14:57,
wildca8ae814b03d403e8de6906ab1f8b40a,Iris,http://iris-worldwide.com,,4.42077E+11,"3rd Floor, 10 Queen Street Place, London, Greater London, EC4R 1BE, United Kingdom",3rd Floor,London,Greater London,United Kingdom,EC4R 1BE,0,,,Lead,,0,,,,,,https://linkedin.com/company/250894/,FALSE,06/12/2021 09:25,06/12/2021 09:25,16/06/2024 14:57,
wild829026d748974a2ba01d52d582a69a85,The Corner,https://www.thecornerlondon.com/,,4.42035E+11,"1 Richmond Mews, London, Greater London, United Kingdom",1 Richmond Mews,London,Greater London,United Kingdom,,0,,,,,0,,,,,,,FALSE,06/12/2021 09:25,06/12/2021 09:25,,
wilddc5bff3c68fb4677844ce88c69e60b85,McCann Worldgroup,http://mccann.com,,4.42078E+11,"135, Bishopsgate, London, Greater London, EC2M 3YD, United Kingdom","135, Bishopsgate",London,Greater London,United Kingdom,EC2M 3YD,0,,,Lapsed,,0,,,,,,,FALSE,06/12/2021 09:25,06/12/2021 09:25,,
wilde412a5a858ed4f4ba88c154d617ad67f,AKQA,,,,,,,,,,0,,,Lapsed,,0,,,,,,,FALSE,06/12/2021 09:25,06/12/2021 09:25,,
wildeb1c04c3ac7748e48be3ba451f42fe53,MRM,http://mrm.com,,,"135, Bishopsgate, London, Greater London, EC2M 3YD, United Kingdom","135, Bishopsgate",London,Greater London,United Kingdom,EC2M 3YD,0,,,,,0,,Marketing Services,,,,,FALSE,06/12/2021 09:25,06/12/2021 09:25,16/06/2024 14:57,
wild4bbd8ce46644410ca20781dedb2c4a8c,eatbigfish,http://eatbigfish.com,,,"The Pavilion, 118, Southwark Street, London, Greater London, SE1 0SW, United Kingdom",The Pavilion,London,Greater London,United Kingdom,SE1 0SW,0,,,Lapsed,,0,,,,,,,FALSE,06/12/2021 09:25,06/12/2021 09:25,16/06/2024 14:57,
wild237c5ef31faa452d8de31595440243a9,Jack Morton,http://www.jackmorton.com,,4.42087E+11,"Foundry Building 4th Floor, 77 Fulham Palace Road, London, Greater London, W6 8AF, United Kingdom",Foundry Building 4th Floor,London,Greater London,United Kingdom,W6 8AF,0,,,Lapsed,,0,,,,,,,FALSE,06/12/2021 09:25,06/12/2021 09:25,16/06/2024 14:57,
wilda0d9f9e6373c4e1493f4199943d28a0d,BBH,http://bbh.co.uk,,,"60 Kingly Street, London, Greater London, United Kingdom",60 Kingly Street,London,Greater London,United Kingdom,,0,,,,,0,,,,,,,FALSE,06/12/2021 09:25,06/12/2021 09:25,16/06/2024 14:57,
wildfc873c762d814c68a2957898a684b541,Shift Active Media,http://playsportsnetwork.com,,4.41225E+11,"30 Monmouth Street, Bath, Bath and North East Somerset, United Kingdom",30 Monmouth Street,Bath,Bath and North East Somerset,United Kingdom,,0,,,Lapsed,,0,,,,,,,FALSE,06/12/2021 09:25,06/12/2021 09:25,16/06/2024 14:57,
wild2425675a2c334f329d47cb885662e6a9,Acne London,,,,"2 New Street Square, London, Greater London, EC4A 3BZ, United Kingdom",2 New Street Square,London,Greater London,United Kingdom,EC4A 3BZ,0,,,Lapsed,,0,,,,,,,FALSE,06/12/2021 09:25,06/12/2021 09:25,16/06/2024 14:57,
wild3ce2d6b2d37f4f3eb384bad335ad76c7,Contagious,http://www.contagious.com,,4.40203E+12,"7 Bell Yard, London, Greater London, United Kingdom",7 Bell Yard,London,Greater London,United Kingdom,,0,,,Lapsed,,0,,,,,,https://linkedin.com/company/848133/,FALSE,06/12/2021 09:25,06/12/2021 09:25,16/06/2024 14:57,
wild3b09aad189414ddabd8ad80c0086ff9d,Zeal,http://ZEALcreative.com,,4.42082E+11,"29 Clerkenwell Road, London, Greater London, United Kingdom",29 Clerkenwell Road,London,Greater London,United Kingdom,,0,,,,,0,,,,,,,FALSE,06/12/2021 09:25,06/12/2021 09:25,16/06/2024 14:57,
wild442cd5d3e41a41b3903408254a9fd609,Thread Team,https://www.thethreadteam.com/,,,,,,,,,0,,,,,0,,,,,,,FALSE,06/12/2021 09:25,06/12/2021 09:25,16/06/2024 14:57,
wildfa56144dcd8d482ab277b818d231f99b,Redwood BBDO London,https://www.redwoodbbdo.com,,4.42038E+11,"Bankside 3, 90 Southwark Street, London, Greater London, SE1 9HL, United Kingdom",Bankside 3,London,Greater London,United Kingdom,SE1 9HL,0,,,Lapsed,,0,,,,,,,FALSE,06/12/2021 09:25,06/12/2021 09:25,16/06/2024 14:57,
wildf99ed51f849a4f86becbb70ee5c57570,Magnus Consulting,,,,,,,,,,0,,,Lapsed,,0,,,,,,,FALSE,06/12/2021 09:25,06/12/2021 09:25,16/06/2024 14:57,
wildc1ba11978921499b8cc8b4e3ff5068ba,ZAG,http://wearezag.com,,,"60 Kingly Street, London, Greater London, United Kingdom",60 Kingly Street,London,Greater London,United Kingdom,,0,,,,,0,,,,,,,FALSE,06/12/2021 09:25,06/12/2021 09:25,,
wild405ffcfac0c244be937e091649d1ca86,Strat House,https://www.strat-house.com/,,,"8, Coldbath Square, London, Greater London, EC1R 5HL, United Kingdom","8, Coldbath Square",London,Greater London,United Kingdom,EC1R 5HL,0,,,Lapsed,,0,,,,,,,FALSE,06/12/2021 09:25,06/12/2021 09:25,16/06/2024 14:57,
wild8ff2cf78ea1f4a08af8f30657435d1a9,Pollitt & Partners,https://www.pollittandpartners.com/,,4.42074E+11,"91 Wimpole Street, London, Greater London, United Kingdom",91 Wimpole Street,London,Greater London,United Kingdom,,0,,,Lapsed,,0,,,,,,,FALSE,06/12/2021 09:25,06/12/2021 09:25,,
wilde2747968790b48968d22851475b80dbc,Coolr,https://www.wearecoolr.com/,,04407710961696,"18 Soho Square, London, Greater London, United Kingdom",18 Soho Square,London,Greater London,United Kingdom,,0,,,Lapsed,,0,,,,,,,FALSE,06/12/2021 09:25,06/12/2021 09:25,,
wilde4a07f85c7d64870bc911e0ad76fbe72,Blue Chip Marketing,,,4.41618E+11,"Manchester, Greater Manchester, United Kingdom",,Manchester,Greater Manchester,United Kingdom,,0,,,Dead,,0,,,,,,,FALSE,06/12/2021 09:25,06/12/2021 09:25,16/06/2024 14:57,
wild09c2466e6c084f7781b0f78449603e08,VMLY&R,,,,,,,,,,0,,,Lapsed,,0,,,,,,,FALSE,06/12/2021 09:25,06/12/2021 09:25,,
wildedfb01cf76cd4e1b9e37c58200bb9348,Team Spirit,https://www.teamspirit.uk.com/,,4.42074E+11,"Greencoat House, 1, Francis Street, London, Greater London, SW1P 1DH, United Kingdom",Greencoat House,London,Greater London,United Kingdom,SW1P 1DH,0,,,,,0,,,,,,,FALSE,06/12/2021 09:25,06/12/2021 09:25,16/06/2024 14:57,
wild24e427760612499a9e1a549b70c5888b,Space,http://agencyspace.co.uk,,,"56, Lincoln's Inn Fields, London, Greater London, WC2A 3AA, United Kingdom","56, Lincoln's Inn Fields",London,Greater London,United Kingdom,WC2A 3AA,0,,,,,0,,Marketing Services,,,,,FALSE,06/12/2021 09:25,06/12/2021 09:25,16/06/2024 14:57,
wild5318707feb7048fa8d932023784f5986,Recipe,http://reci.pe,,4.42032E+11,"65 Alfred Road, Studio 49, Great Western Studios, London, Greater London, United Kingdom",65 Alfred Road,London,Greater London,United Kingdom,,0,,,Lapsed,,0,,,,,,,FALSE,06/12/2021 09:25,06/12/2021 09:25,16/06/2024 14:57,
wild254a95286f044b93b97983f8e2f4cf9c,RPM,http://rpmltd.com,,4.42087E+11,"24-40 Goodwin Road, The Old Treacle Factory, London, Greater London, United Kingdom",24-40 Goodwin Road,London,Greater London,United Kingdom,,0,,,Lead,,0,,,,,,https://linkedin.com/company/267182/,FALSE,06/12/2021 09:25,06/12/2021 09:25,16/06/2024 14:57,
wild1391a816fe104e509f454cc0c73b20f1,Quiet Storm,http://quietstorm.co.uk,,4.42075E+11,"42-44 Beak Street, London, Greater London, W1F 9RH, United Kingdom",42-44 Beak Street,London,Greater London,United Kingdom,W1F 9RH,0,,,Lapsed,,0,,,,,,,FALSE,06/12/2021 09:25,06/12/2021 09:25,,
wild730fb8fc25254cabbf605455063ec5b5,Open,https://openagency.com/,,4.42077E+11,"25 Horsell Road, London, Greater London, N5 1XL, United Kingdom",25 Horsell Road,London,Greater London,United Kingdom,N5 1XL,0,,,Lapsed,,0,,,,,,,FALSE,06/12/2021 09:25,06/12/2021 09:25,,
wildc484fd40e5914b06968433177b2c846f,Isobel,http://isobel.com,,4.42073E+11,"144 New Cavendish Street, London, Greater London, W1W ^YF, United Kingdom",144 New Cavendish Street,London,Greater London,United Kingdom,W1W ^YF,0,,,Lapsed,,0,,,,,,,FALSE,06/12/2021 09:25,06/12/2021 09:25,,
wild0a16bda469544761a72046a0e8e30506,Hey Human,http://heyhuman.com,,,"The Ministry, 79 Borough Road, London, Greater London, SE1 1DN, United Kingdom",The Ministry,London,Greater London,United Kingdom,SE1 1DN,0,,,,,0,,,,,,,FALSE,06/12/2021 09:25,06/12/2021 09:25,16/06/2024 14:57,
wild4eed0393180243ec97fe9f6c69531b26,Gravity Road,http://gravityroad.com,,,"48 Hoxton Square, 2 Tabernacle, London, Greater London, N1 6PV, United Kingdom",48 Hoxton Square,London,Greater London,United Kingdom,N1 6PV,0,,,Lapsed,,0,,,,,,,FALSE,06/12/2021 09:25,06/12/2021 09:25,16/06/2024 14:57,
wilde49da00a272b4aea8acef319b8864ec9,Earnest,http://earnest-agency.com,,4.42035E+11,"23 Fitzroy Street, London, Greater London, United Kingdom",23 Fitzroy Street,London,Greater London,United Kingdom,,0,,,Lapsed,,0,,,,,,,FALSE,06/12/2021 09:25,06/12/2021 09:25,16/06/2024 14:57,
wild4126aba9a5064eb6b2a6cacd825ebf4c,Collective,http://collectiveworld.com,,4.42078E+11,"2-7 Clerkenwell Green, London, Greater London, United Kingdom",2-7 Clerkenwell Green,London,Greater London,United Kingdom,,0,,,Lapsed,,0,,,,,,,FALSE,06/12/2021 09:25,06/12/2021 09:25,16/06/2024 14:57,
wild6e3600480d334cf98d279b83d4aa39f7,BBD Perfect Storm,http://bbdperfectstorm.com,,,"4th Floor, One Oliver's Yard, 55-71 City Road, London, Greater London, United Kingdom","4th Floor, One Oliver's Yard",London,Greater London,United Kingdom,,0,,,Lapsed,,0,,,,,,https://linkedin.com/company/3141308/,FALSE,06/12/2021 09:25,06/12/2021 09:25,16/06/2024 14:57,
wild9a51c1ad43ac47c8ba7e346b3f0146d3,Avantegarde,http://avantgarde-uk.com,,4.42078E+11,"88 Gray's Inn Road, London, Greater London, United Kingdom",88 Gray's Inn Road,London,Greater London,United Kingdom,,0,,,Lapsed,,0,,,,,,,FALSE,06/12/2021 09:25,06/12/2021 09:25,16/06/2024 14:57,
wildecc7fdaf9d50437a890f5565999e10c7,Arthur,http://arthurlondon.com,,,"2, Whitechapel Road, London, Greater London, E1 1EW, United Kingdom","2, Whitechapel Road",London,Greater London,United Kingdom,E1 1EW,0,,,Lapsed,,0,,Marketing Services,,,,,FALSE,06/12/2021 09:25,06/12/2021 09:25,16/06/2024 14:57,
wild2ad947af5232414e9414e9e387fd50f7,And Rising,http://andrising.co,,,"9, Long Street, London, Greater London, E2 8GS, United Kingdom","9, Long Street",London,Greater London,United Kingdom,E2 8GS,0,,,Lapsed,,0,,,,,,,FALSE,06/12/2021 09:25,06/12/2021 09:25,16/06/2024 14:57,
wild7c671ae368e246a9acaf45b377bcb1aa,Agency Inc,http://agencyinc.co.uk,,4.42073E+11,"Somerset House, London, Greater London, WC2R 1LA, United Kingdom",Somerset House,London,Greater London,United Kingdom,WC2R 1LA,0,,,Lapsed,,0,,Marketing Services,,,,,FALSE,06/12/2021 09:25,06/12/2021 09:25,,
wild076e44442c5149dca720e76d75c2eeb8,VMLY&R Commerce,,,,,,,,,,0,,,Lapsed,,0,,,,,,,FALSE,06/12/2021 09:25,06/12/2021 09:25,16/06/2024 14:57,
wild235dee1d81ec47a6895732afcf3d93e7,Team Eleven,http://teameleven.co.uk,,,"30 Church Street, Bradford-on-Avon, Wiltshire, United Kingdom",30 Church Street,Bradford-on-Avon,Wiltshire,United Kingdom,,0,,,Lapsed,,0,,,,,,,FALSE,06/12/2021 09:25,06/12/2021 09:25,,
wilde43fd4b525814124adc90364bff76513,Orange Panther Collective,https://www.orangepanther.co/,,,,,,,,,0,,,Lapsed,,0,,,,,,,FALSE,06/12/2021 09:25,06/12/2021 09:25,16/06/2024 14:57,
wildfcb65e4b16a2450fb956189c3fc45c58,Spark44,,,,,,,,,,0,,,Lapsed,,0,,,,,,,FALSE,06/12/2021 09:25,06/12/2021 09:25,,
wildfa645999b0bd42219210e7eb857fd0d1,Hell Yeah,,,,,,,,,,0,,,Lapsed,,0,,,,,,,FALSE,06/12/2021 09:25,06/12/2021 09:25,16/06/2024 14:57,
wilda33dd8dce6014b5f9166e4ef0a253d68,Drummond Central,https://www.drummondcentral.co.uk/,,4.40191E+12,"70 Jesmond Road West, Newcastle upon Tyne, Tyne and Wear, NE2 4PQ, United Kingdom",70 Jesmond Road West,Newcastle upon Tyne,Tyne and Wear,United Kingdom,NE2 4PQ,0,,,Lapsed,,0,,,,,,,FALSE,06/12/2021 09:25,06/12/2021 09:25,16/06/2024 14:57,
wild759138590a3641bfbc6a760fd6836d0c,Media Blaze,,,4.42032E+11,"30 Panton Street, London, Greater London, United Kingdom",30 Panton Street,London,Greater London,United Kingdom,,0,,,Lapsed,,0,,,,,,,FALSE,06/12/2021 09:25,06/12/2021 09:25,16/06/2024 14:57,
wild920683042f7c4e1aa890ab87e97587f2,Publicis Emil,http://publicisemil.com,,,,,,,,,0,,,Dead,,0,,,,,,,FALSE,06/12/2021 09:25,06/12/2021 09:25,16/06/2024 14:57,
wild37791193b561432ab8d33d390d42c3a7,Momentum ABM,,,4.42039E+11,"Blackbull Yard, Hatton Wall, London, Greater London, United Kingdom",Blackbull Yard,London,Greater London,United Kingdom,,0,,,Lapsed,,0,,,,,,,FALSE,06/12/2021 09:25,06/12/2021 09:25,16/06/2024 14:57,
wild7a229b9aa6f04741ae667486a37e33d4,McCann Enterprise,https://www.mccannenterprise.com/,,,"135, Bishopsgate, London, Greater London, EC2M 3YD, United Kingdom","135, Bishopsgate",London,Greater London,United Kingdom,EC2M 3YD,0,,,Lapsed,,0,,,,,,,FALSE,06/12/2021 09:25,06/12/2021 09:25,16/06/2024 14:57,
wild26b47315c8c1478c9e7bdee755cade65,Keko,http://keko.london,,4.42033E+11,"4th Floor, 16-18 Beak Street, London, Greater London, United Kingdom",4th Floor,London,Greater London,United Kingdom,,0,,,Dead,,0,,,,,,,FALSE,06/12/2021 09:25,06/12/2021 09:25,16/06/2024 14:57,
wild8e915ebdab5c497aa936b9dc86619eec,My company,http://outlook.com,,,,,,,,,0,,,,,0,,,,,,,FALSE,06/12/2021 09:25,06/12/2021 09:25,,
wild27c3c359ecf344abbb5d1f4223ccc352,Squaredot,https://www.squaredot.agency/,,0035315242731,"Dublin, County Dublin, Ireland",,Dublin,County Dublin,Ireland,,0,,,,,0,,,,,,,FALSE,06/12/2021 09:25,06/12/2021 09:25,,
wild90013e7e307f432b9c1df33edd36302a,WPP,http://wpp.com,,4.42073E+11,"18 Upper Ground, Sea Containers, London, Greater London, United Kingdom",18 Upper Ground,London,Greater London,United Kingdom,,0,,,,,0,,,,,,https://www.linkedin.com/company/wpp/,FALSE,07/01/2022 12:34,07/01/2022 12:34,,
wildbdc7df84141e4a838b3486bbbd0f1b12,Test Company,,,,,,,,,,0,,,,,0,,,,,,,FALSE,20/01/2022 09:56,20/01/2022 09:56,16/06/2024 14:57,
wildade8f8d471cc42c3a4a6b0602dfc97f2,Zak,https://www.zakagency.com/,,,"Soho Works White City 7th Floor, 2 Television Centre, 101 Wood Lane, London, Greater London, United Kingdom",Soho Works White City 7th Floor,London,Greater London,United Kingdom,,0,,,Lapsed,,0,,,,,,https://www.linkedin.com/company/zak-media-group/,FALSE,25/01/2022 15:00,25/01/2022 15:00,,
wildc44013db0dce42bc82fa1e446d3b063c,Sabio Group,https://www.getsabio.com/,,,,,,,,,0,,,Lapsed,,0,,,,,,https://www.linkedin.com/company/sabio/,FALSE,26/01/2022 09:43,26/01/2022 09:43,16/06/2024 14:57,
wild4d660b285add4e61bd26beae7af45d3e,DDB Remedy,https://www.ddbremedy.co.uk/#home,,,"12 Bishop's Bridge Road, London, Greater London, United Kingdom",12 Bishop's Bridge Road,London,Greater London,United Kingdom,,0,,,Lapsed,,0,,,,,,https://www.linkedin.com/company/ddb-remedy-london/,FALSE,26/01/2022 10:04,26/01/2022 10:04,16/06/2024 14:57,
wild7ae04eb7ed0848f49cbb001a1e8b37c3,Born Social,https://bornsocial.com/about,,,"43 Worship St, London, Greater London, United Kingdom",43 Worship St,London,Greater London,United Kingdom,,0,,,Lapsed,,0,,,,,,https://www.linkedin.com/company/born-social/,FALSE,02/02/2022 14:46,02/02/2022 14:46,16/06/2024 14:57,
wild5b155eddd8434e44b370033af4243a7d,Brand Partnership Group,https://brandpartnershipgroup.com/,,,"10 Watermark Way, Foxholes Business Park Watermark Way, Hertford, Hertfordshire, United Kingdom",10 Watermark Way,Hertford,Hertfordshire,United Kingdom,,0,,,,,0,,,,,,https://www.linkedin.com/company/brand-partnership-group/,FALSE,22/02/2022 12:25,22/02/2022 12:25,,
wild3d06fefcc911447285ba9edf1da91634,Pulse,https://www.pulsegroup.com/,,4.4207E+11,"79 Sefton Street, Liverpool, Merseyside, United Kingdom",79 Sefton Street,Liverpool,Merseyside,United Kingdom,,0,,,Lapsed,,0,,,,,,https://www.linkedin.com/company/the-pulse-group-limited/?viewAsMember=true,FALSE,22/02/2022 12:31,22/02/2022 12:31,16/06/2024 14:57,
wild68d644abbdfa4e8083acb06356384fef,PrettyGreen,https://itsprettygreen.com/,,4.42075E+11,"124-128 City Road, 5th Floor, Fergusson House, London, Greater London, United Kingdom",124-128 City Road,London,Greater London,United Kingdom,,0,,,Lapsed,,0,,,,,,https://www.linkedin.com/company/pretty-green/,FALSE,23/03/2022 10:02,23/03/2022 10:02,16/06/2024 14:57,
wildb48e3f1b8d6c4a9caef0b1b823b7e36b,McCann Health,https://www.mccannhealth.com/,,,"135, Bishopsgate, London, Greater London, EC2M 3YD, United Kingdom","135, Bishopsgate",London,Greater London,United Kingdom,EC2M 3YD,0,,,Lapsed,,0,,,,,,https://www.linkedin.com/company/mccannhealth/,FALSE,24/03/2022 13:30,24/03/2022 13:30,,
wild184a5d018eb84c6bbae7d0229bddd905,MadeBrave,https://madebrave.com/,,4.41416E+11,"Suite 36, Bonnington, Bond, 2 Anderson Place,, London, Greater London, N18, United Kingdom","Suite 36, Bonnington",London,Greater London,United Kingdom,N18,0,,,Lapsed,,0,,,,,,https://www.linkedin.com/company/madebrave/,FALSE,19/04/2022 12:06,19/04/2022 12:06,16/06/2024 14:57,
wilddeab356aadfc43b1bee381bc7d5c4d1e,Across the Pond,https://www.atp.tv/,,4.42036E+11,"53 Frith St, London, Greater London, United Kingdom",53 Frith St,London,Greater London,United Kingdom,,0,,,,,0,,,,,,https://www.linkedin.com/company/across-the-pond/,FALSE,06/05/2022 09:21,06/05/2022 09:21,16/06/2024 14:57,
wild5de9aff00208412599c330ccefa31aee,Sonder and Tell,https://sonderandtell.com/work/,,,"40 Bowling Green Lane, Unit 3, London, Greater London, United Kingdom",40 Bowling Green Lane,London,Greater London,United Kingdom,,0,,,Lapsed,,0,,,,,,https://www.linkedin.com/company/sonder-and-tell/,FALSE,13/05/2022 11:50,13/05/2022 11:50,16/06/2024 14:57,
wildbd8cb9a510034394a4fc58b074dbd9f6,Next15,https://www.next15.com/,,4.42079E+11,"60, Great Portland Street, London, Greater London, W1W 7RT, United Kingdom","60, Great Portland Street",London,Greater London,United Kingdom,W1W 7RT,0,,,,,0,,,,,,https://www.linkedin.com/company/next-fifteen-communications-group-plc/,FALSE,18/05/2022 08:54,18/05/2022 08:54,,
wild68be2cbe73f947abb407bc85ea5aa713,All Creative Branding,https://allcreativebranding.com/,,,"79 Alvington Crescent, London, Greater London, United Kingdom",79 Alvington Crescent,London,Greater London,United Kingdom,,0,,,Lapsed,,0,,,,,,https://www.linkedin.com/company/all-creative-branding-limited/,FALSE,16/06/2022 10:16,16/06/2022 10:16,16/06/2024 14:57,
wild76a915a6dc994521bc47d096662edb5a,Ladder,,,,"729 High Rd, 727, London, Greater London, United Kingdom",729 High Rd,London,Greater London,United Kingdom,,0,,,,,0,,,,,,https://www.linkedin.com/company/ladder-digital/,FALSE,05/07/2022 15:02,05/07/2022 15:02,,
wildf0b5263f04be4c77ae4977b88a85c50c,White Bear Studio,https://whitebearstudio.com/,,4.42032E+11,"13 Adelaide Road, Dublin, County Dublin, Ireland",13 Adelaide Road,Dublin,County Dublin,Ireland,,0,,,,,0,,,,,,https://www.linkedin.com/company/white-bear-studio/,FALSE,19/07/2022 13:48,19/07/2022 13:48,16/06/2024 14:57,
wild33f31440225e4304b8bca1012fedbd3b,Fire Without Smoke,https://www.firewithoutsmoke.com/,,,"40 Gerrard St, London, Greater London, United Kingdom",40 Gerrard St,London,Greater London,United Kingdom,,0,,,Lapsed,,0,,,,,,https://www.linkedin.com/company/fire-without-smoke/,FALSE,25/07/2022 13:58,25/07/2022 13:58,16/06/2024 14:57,
wildfca136a3c60e4be3872641074ff35f6b,Toaster,https://toaster.co/,,4.42072E+11,"18 Grape Street, London, Greater London, United Kingdom",18 Grape Street,London,Greater London,United Kingdom,,0,,,Lead,,0,,,,,,https://www.linkedin.com/company/toaster-ltd/,FALSE,10/08/2022 11:00,10/08/2022 11:00,16/06/2024 14:57,
wild451ab5fbae1443478ca4d2ae6194d9ac,Curious Cat Digital,https://www.curiouscatdigital.co.uk/,,4.42039E+11,"23-24 High Street, London, Greater London, SN8 1LW, United Kingdom",23-24 High Street,London,Greater London,United Kingdom,SN8 1LW,0,,,,,0,,,,,,https://www.linkedin.com/company/curious-cat-digital-ltd/,FALSE,11/08/2022 09:13,11/08/2022 09:13,16/06/2024 14:57,
wildf01cb9141d0e48458e36c999690e9262,St. Luke's Communications London,http://stlukes.co.uk,,,"8 Kean St, London, Greater London, United Kingdom",8 Kean St,London,Greater London,United Kingdom,,0,,,Lapsed,,0,,,,,,https://www.linkedin.com/company/st-lukes-communications/,FALSE,16/09/2022 08:31,16/09/2022 08:31,16/06/2024 14:57,
wild0b151f3881804038b58846a8dfbdfa06,Skating Panda,https://www.skatingpanda.com/,,,"73 Cornhill, London, Greater London, United Kingdom",73 Cornhill,London,Greater London,United Kingdom,,0,,,Lapsed,,0,,,,,,,FALSE,28/09/2022 09:30,28/09/2022 09:30,16/06/2024 14:57,
wild0e9006fee8bd4b8db0b3cf9a661f77f7,Harvard,http://harvard.co.uk,,,"Greencoat House, 1, Francis Street, London, Greater London, SW1P 1DH, United Kingdom",Greencoat House,London,Greater London,United Kingdom,SW1P 1DH,0,,,,,0,,Marketing Services,,,,,FALSE,05/10/2022 18:30,05/10/2022 18:30,16/06/2024 14:57,
wild7e21f0adda2049ed9a87b118072c8331,Merkle B2B,,,,"10 Triton Street, Regents Place, London, Greater London, NW1 3BF, United Kingdom",10 Triton Street,London,Greater London,United Kingdom,NW1 3BF,0,,,Lapsed,,0,,,,,,,FALSE,11/10/2022 09:12,11/10/2022 09:12,,
wildd46d126d611842a99d15e42f7f9e8e3c,Dentsu,,,,"10 Triton Street, Regents Place, London, Greater London, NW1 3BF, United Kingdom",10 Triton Street,London,Greater London,United Kingdom,NW1 3BF,0,,,,,0,,,,,,,FALSE,11/10/2022 09:12,11/10/2022 09:12,,
wilde9549776a3134c4c8dfd7c541c78adeb,Dark Horses,https://darkhorses.com/about/,,,"3-11 Pine Street, London, Greater London, EC1R 0JH, United Kingdom",3-11 Pine Street,London,Greater London,United Kingdom,EC1R 0JH,0,,,Lapsed,,0,,,,,,,FALSE,26/10/2022 12:01,26/10/2022 12:01,16/06/2024 14:57,
wild8c027514b0f543339358527a556d447f,Lucky Generals,https://darkhorses.com/about/,,,,,,,,,0,,,,,0,,,,,,,FALSE,26/10/2022 12:01,26/10/2022 12:01,,
wild61457cd48c8e4df6aa3cfda05fca9db4,Publicis Poke,http://publicispoke.com,,,"3rd Floor, Television Centre, 101 Wood Lane, London, Greater London, W12 7FR, United Kingdom","3rd Floor, Television Centre",London,Greater London,United Kingdom,W12 7FR,0,,,,,0,,,,,,,FALSE,09/11/2022 15:39,09/11/2022 15:39,16/06/2024 14:57,
wildfb63f1b099bc4c27873d91e6db87c95b,Tribal,,,,,,,,,,0,,,Lapsed,,0,,,,,,,FALSE,09/01/2023 10:14,09/01/2023 10:14,16/06/2024 14:57,
wild6e1aa46cef884d99bf20e40b50f0ca03,PsLondon,https://pslondon.co.uk,,,"Angel Wharf, 53 Eagle Wharf Road, London, Greater London, N1 7ER, United Kingdom",Angel Wharf,London,Greater London,United Kingdom,N1 7ER,0,,,,,0,,,,,,,FALSE,01/02/2023 19:14,01/02/2023 19:14,16/06/2024 14:57,
wildaae19f1f55114143a4924a22d3b43457,East,,,,"23 Palace Rd, Molesey, Surrey, United Kingdom",23 Palace Rd,Molesey,Surrey,United Kingdom,,0,,,,,0,,,,,,,FALSE,07/03/2023 19:23,07/03/2023 19:23,11/07/2024 20:43,
wild9d2927b4c3a149eb8084a14cfd933fbb,The Level Up,http://the-levelup.com,,,"London, Greater London, W1F 8PR, United Kingdom",,London,Greater London,United Kingdom,W1F 8PR,0,,,Recent Placement,01-Oct,0,,Marketing Services,,,,,FALSE,16/03/2023 20:54,16/03/2023 20:54,16/06/2024 14:57,
wild2fb47be064fb4a858fe2941b6722e402,KHWS,https://khws.co.uk,,,"20 Farringdon St, London, Greater London, EC4A 4AB, United Kingdom",20 Farringdon St,London,Greater London,United Kingdom,EC4A 4AB,0,,,Lapsed,,0,,,,,,,FALSE,15/05/2023 17:29,15/05/2023 17:29,16/06/2024 14:57,
wildb600e7b9e4304d108521d3aa2bf6f7f4,Missouri Creative,https://www.missouri-creative.com/,,,"7.02 The Tea Building, Shoreditch High Street, London, Greater London, E1 6JJ, United Kingdom","7.02 The Tea Building, Shoreditch High Street",London,Greater London,United Kingdom,E1 6JJ,0,,,,,0,,,,,,,FALSE,30/05/2023 16:36,30/05/2023 16:36,16/06/2024 14:57,
wilde1d41b780f9d4fc884e5fc8637e5d5ca,Weber Shandwick,http://webershandwick.com,,,"135 Bishopsgate, London, Greater London, United Kingdom",,London,Greater London,United Kingdom,,0,,,,,0,,,,,,https://www.linkedin.com/company/weber-shandwick/,FALSE,14/06/2023 19:33,14/06/2023 19:33,16/06/2024 14:57,
wild92d89bc77db149d090a9a56d00f3fbee,The Mars Agency,,,,,,,,,,0,,,,,0,,,,,,https://linkedin.com/company/14091/,FALSE,26/06/2023 20:57,26/06/2023 20:57,16/06/2024 14:57,
wild3a93219e61d64a30937b9cdd117d2c2d,Red Brick Road,http://theredbrickroad.com,,,"58 Great Sutton Street, London, Greater London, United Kingdom",58 Great Sutton Street,London,Greater London,United Kingdom,,0,,,Lapsed,,0,,,,,,,FALSE,28/06/2023 13:37,28/06/2023 13:37,28/06/2024 13:41,
wildedf8722da6fd498b8abc24424dc1c3eb,Foundernomics,,,,,,,,,,0,,,,,0,,,,,,,FALSE,06/07/2023 10:21,06/07/2023 10:21,,
wild388a500237a74e90b2c7046ad7a4d0a6,VCCP,,,,,,,,,,0,,,Lapsed,,0,,,,,,,FALSE,18/07/2023 10:10,18/07/2023 10:10,,
wild613c56c1dc39446bbcbacbbccbc4ee72,Adam & Eve,https://www.adamandeveddb.com/,,,"12, Bishop's Bridge Road, London, Greater London, W2 6AA, United Kingdom","12, Bishop's Bridge Road",London,Greater London,United Kingdom,W2 6AA,0,,,,,0,,,,,,https://www.linkedin.com/company/adam&amp;eveddb/,FALSE,18/07/2023 10:10,18/07/2023 10:10,,
wild68689b3018f24972b440f687aa4a965c,Media Lab Group,http://medialabgroup.co.uk,,,"3-4A, Little Portland Street, London, Greater London, W1W 7JB, United Kingdom","3-4A, Little Portland Street",London,Greater London,United Kingdom,W1W 7JB,0,,,Lapsed,51-200,0,,Administrative and Support Services,,,,,FALSE,24/07/2023 12:19,24/07/2023 12:19,16/06/2024 14:57,
wildc4ee0f0c827941a18973234679692b9d,TBWA\Media Arts Lab,http://mediaartslab.com,,,"82, Charing Cross Road, London, Greater London, WC2H 0BA, United Kingdom","82, Charing Cross Road",London,Greater London,United Kingdom,WC2H 0BA,0,,,,,0,,,,,,https://linkedin.com/company/71319/,FALSE,24/07/2023 22:20,24/07/2023 22:20,,
wild8de0dec63f1648ce9ec87d4779e6c46d,Truant London,http://truantlondon.com,,,"9, Curtain Road, London, Greater London, EC2A 3LT, United Kingdom","9, Curtain Road",London,Greater London,United Kingdom,EC2A 3LT,0,,,,,0,,Administrative and Support Services,,,,https://linkedin.com/company/2872373/,FALSE,02/08/2023 10:02,02/08/2023 10:02,16/06/2024 14:57,
wild8875120ff7914566931d0714a587158f,Jack Morton Worldwide,http://jackmorton.co.uk,,,"Foundry Building 4th Floor, 77 Fulham Palace Road, London, Greater London, W6 8AF, United Kingdom",Foundry Building 4th Floor,London,Greater London,United Kingdom,W6 8AF,0,,,,,0,,Marketing Services,,,,https://linkedin.com/company/164517/,FALSE,02/08/2023 10:32,02/08/2023 10:32,,
wildf041e628b04641d6a0ab90ba5f7fe273,Ogilvy UK,http://ogilvy.com,,4.42032E+11,"Sea Containers House, 18, Upper Ground, London, Greater London, SE1 9RQ, United Kingdom","Sea Containers House, 18, Upper Ground",London,Greater London,United Kingdom,SE1 9RQ,0,,,,501-1000,0,,Administrative and Support Services,,,,https://www.linkedin.com/company/ogilvy/,FALSE,02/08/2023 10:57,02/08/2023 10:57,16/06/2024 14:57,
wild9061b51888cd45c29c2e916ebffe93a5,the tree,,,,"London, Greater London, E2 7PR, United Kingdom",,London,Greater London,United Kingdom,E2 7PR,0,,,,,0,,,,,,,FALSE,23/08/2023 20:37,23/08/2023 20:37,16/06/2024 14:57,
wildfadf1ec9f38043ba9a484fff2530f5b2,St Luke's London,https://www.stlukes.co.uk,,,"8, Kean Street, London, Greater London, WC2B 4AS, United Kingdom","8, Kean Street",London,Greater London,United Kingdom,WC2B 4AS,0,,,,,0,,Administrative and Support Services,,,,,FALSE,02/10/2023 16:34,02/10/2023 16:34,,
wild29e71a99172f467c8d8b8b64a85cb435,Cult LDN + NYC,http://cultldn.com,,4.42031E+11,"4.01 The Tea Building,, 56, Shoreditch High Street, London, Greater London, E1 6JJ, United Kingdom","4.01 The Tea Building,",London,Greater London,United Kingdom,E1 6JJ,0,,,Recent Placement,,0,,,,,,https://linkedin.com/company/5315203/,FALSE,16/11/2023 13:14,16/11/2023 13:14,16/06/2024 14:57,
wild7d0bba0bd5484f79a4b68d299e397ff9,Stories Untold,http://storiesunfold.me,,,,,,,,,0,,,,,0,,,,,,,FALSE,17/01/2024 21:08,17/01/2024 21:08,,
wilda3fc0b61d3c9436db7d37684d2343a9e,Dentsu Sports International,http://Dentsu.com,,,"10 Triton Street, Regents Place, London, Greater London, NW1 3BF, United Kingdom",10 Triton Street,London,Greater London,United Kingdom,NW1 3BF,0,,,,,0,,,,,,,FALSE,19/01/2024 11:34,19/01/2024 11:34,,
wild7a4ee60a664546da90f3602fe6bac2ff,The Marketing Store,http://heyhuman.com,,,,,,,,,0,,,,,0,,,,,,,FALSE,19/01/2024 11:36,19/01/2024 11:36,,
wildf9e49e9649c742b0ae19a818b21c093b,The&Partnership,http://theandpartnership.com,,,,,,,,,0,,,,,0,,,,,,,FALSE,19/01/2024 11:54,19/01/2024 11:54,,
wild02841c8d651645718c3c63eba0cacca1,Uncommon London,,,,"154, Clerkenwell Road, London, Greater London, EC1R 5AB, United Kingdom","154, Clerkenwell Road",London,Greater London,United Kingdom,EC1R 5AB,0,,,,,0,,,,,,https://linkedin.com/company/11272448/,FALSE,23/02/2024 13:21,23/02/2024 13:21,,
wild459b15f2962f49a2886e143c24b74f6e,big group,http://biggroup.co.uk,,,"The George Building, Notting Dale Campus, 2, Nicholas Road, London, Greater London, W11 4AN, United Kingdom","The George Building, Notting Dale Campus",London,Greater London,United Kingdom,W11 4AN,0,,,,,0,,,,,,https://linkedin.com/company/99043/,FALSE,05/03/2024 15:52,05/03/2024 15:52,,
wildb3e1a20df5854d53b83d5d7db72cac88,M&C Saatchi,https://mcsaatchi.london,,,"36, Golden Square, London, Greater London, W1F 9JT, United Kingdom","36, Golden Square",London,Greater London,United Kingdom,W1F 9JT,0,,,Lapsed,,0,,Administrative and Support Services,,,,https://www.linkedin.com/company/m&amp;c-saatchi,FALSE,05/03/2024 16:13,05/03/2024 16:13,16/06/2024 14:57,
wild074a1c5435c84e53a7ea1fddbaab593b,Zeal Creative,http://zealcreative.com,,,"Salford, Greater Manchester, M50 2NT, United Kingdom",,Salford,Greater Manchester,United Kingdom,M50 2NT,0,,,,,0,,Marketing Services,,,,https://linkedin.com/company/5232063/,FALSE,05/03/2024 16:55,05/03/2024 16:55,,
wild342f383fac5e480ca5f45037cfcba248,Atomic London,http://atomic-london.co.uk,,,"147-149 Farringdon Road, London, Greater London, United Kingdom",147-149 Farringdon Road,London,Greater London,United Kingdom,,0,,,Prospect,,0,,,,,,https://linkedin.com/company/2664622/,FALSE,05/03/2024 18:14,05/03/2024 18:14,,
wild67e71a0f48f2455c98bf45d8654652cb,Cheil UK,http://cheil.com,,,"10, Queen Street Place, London, Greater London, EC4R 1BE, United Kingdom","10, Queen Street Place",London,Greater London,United Kingdom,EC4R 1BE,0,,,Lapsed,,0,,,,,,,FALSE,05/03/2024 18:50,05/03/2024 18:50,,
wild058738fd855245c294f67cf81af82ebf,Nonsense,http://nonsenselondon.com,,,"Kemp House, 152-160, City Road, London, Greater London, EC1V 2NP, United Kingdom",Kemp House,London,Greater London,United Kingdom,EC1V 2NP,0,,,Lapsed,,0,,,,,,,FALSE,05/03/2024 19:02,05/03/2024 19:02,,
wild57424a4c775149a9bf16d2e927c7439c,McCann London,,,,"135, Bishopsgate, London, Greater London, EC2M 3YD, United Kingdom","135, Bishopsgate",London,Greater London,United Kingdom,EC2M 3YD,0,,,,,0,,Administrative and Support Services,,,,https://linkedin.com/company/569168/,FALSE,05/03/2024 19:29,05/03/2024 19:29,,
wild60a77e1c26e147ccaf47c60053cc42f6,Cult LDN,http://cultldn.com,,,,,,,,,0,,,,,0,,,,,,,FALSE,05/03/2024 21:51,05/03/2024 21:51,,
wild12124a8072bb4c36be1c04f3d57afbb5,Magnus Club,,,,,,,,,,0,,,,,0,,,,,,,FALSE,06/03/2024 15:47,06/03/2024 15:47,,
wildc0608c97a6644042add8f0fb307a7d75,Five By Five Global,http://yahoo.co.uk,,,,,,,,,0,,,,,0,,,,,,https://linkedin.com/company/453331/,FALSE,02/04/2024 18:34,02/04/2024 18:34,,
wilda38256ac3cf94cdc8c821d00d6c72984,Sid Lee,http://sidlee.com,,,,,,,,,0,,,,,0,,,,,,,FALSE,05/04/2024 12:35,05/04/2024 12:35,,
wildaa3e7d4c1be6408a8cff001a49fad703,Harvard,,,,"Romford, Dorset, United Kingdom",,Romford,Dorset,United Kingdom,,1,,,,,0,,,,,,,FALSE,09/05/2024 11:43,10/05/2024 11:55,10/05/2024 12:00,
wilda56fdabed50a4ec1bf23f648cbe61a09,Across the Pond,http://acrossthepond.com,tom@acrossthepond.com,,"London, Greater London, United Kingdom",,London,Greater London,United Kingdom,,0,,,,,0,,,,,,,FALSE,21/05/2024 10:19,21/05/2024 10:19,21/05/2024 10:37,
wildc49cf2ba144b40aba7e63bee99438708,ALL Creative Branding,http://allcreativebranding.com,beverley@allcreativebranding.com,,"London, Greater London, United Kingdom",,London,Greater London,United Kingdom,,0,,,,,0,,,,,,,FALSE,23/05/2024 15:59,23/05/2024 15:59,23/05/2024 16:25,
wilde4a950cbd1f34aaeaa078d645774ebef,Ogilvy UK,http://ogilvy.com,jo.arden@ogilvy.com,,"London, Greater London, United Kingdom",,London,Greater London,United Kingdom,,0,,,,,0,,,,,,,FALSE,24/05/2024 12:42,24/05/2024 12:42,,
14b51469-7e31-42ab-b577-72fb0cc26722,Missouri Creative,http://www.missouri-creative.com,,4.42077E+11,"115b Drysdale Street, London, London, N1 6, United Kingdom",115b Drysdale Street,London,London,United Kingdom,N1 6,0,,Small,Active,34,0,,,"<p>A design and creative agency that's designed different. We show brands how to show up with big bold design and bigger executions. 

Whether eCommerce, on pack, in-store, on-shelf or at home, we understand how, through clever design and communication, brands can create impact where it matters most, creating truly memorable moments for consumers.  

With quite a few awards to our name, including 6 Transform Europe awards, Design Week Gold and The Drum's Branding and Design Agency of the Year, we make more of every brief and every brand. 

Working with clients including Foot Locker, Jameson, Beefeater, The Glenlivet, Beam Suntory, Chivas, Carlsberg Group, Estée Lauder, and Asics, we put our design where our mouth is with our ‘Don't tell me, show me' philosophy, because we believe that in today's turbulent times, you can no longer tell people why they should choose you, you have to show them. 

But don't take our word for it, let us show you. Get in touch.</p>",,18% perm / 17% freelance 30 days,http://www.linkedin.com/company/missouri-creative,FALSE,30/05/2024 21:03,04/06/2024 19:31,30/05/2024 21:21,