Contact Id,Company Id,Company Name,First Name,Surname,Full Name,Email,Alternate Email,Headline,Mobile,Work Phone,Date of Birth,Full Address,Address Line,City,Region,Country,PostCode,Description,Tags,Linkedin,Do Not Contact,Archived,CreatedOn,ModifiedOn,Last Contacted
85d3d340-3a17-4b6d-b617-5dfafb5dbcae,wild24e427760612499a9e1a549b70c5888b,Space,Jason,Nicholas,Jason Nicholas,jason.nicholas@agencyspace.co.uk,,Managing Partner,,,,"55-56, Lincoln's Inn Fields, London, Greater London, WC2A 3LJ, United Kingdom","55-56, Lincoln's Inn Fields",London,Greater London,United Kingdom,WC2A 3LJ,,,,FALSE,FALSE,18/07/2023 10:11,18/07/2023 10:11,16/02/2024 14:51
b2a19e75-1836-4f3c-a292-22dac439083a,wild8ab519b2048c437d917e3171e6dd5e90,BMB,Mel,Arrow,Mel Arrow,mel.arrow@bmbagency.com,,Head of Strategy,,4.42076E+11,,,,,,,,,,,TRUE,TRUE,18/07/2023 10:11,17/06/2024 18:17,17/09/2023 09:07
74eb70bb-829f-4e02-8ee5-b6d550d7b3de,wild7a4ee60a664546da90f3602fe6bac2ff,The Marketing Store,John,Viccars,John Viccars,john.viccars@heyhuman.com,,Strategy Director,,,,,,,,,,,,,TRUE,TRUE,18/07/2023 10:11,17/06/2024 18:17,13/09/2021 08:31
9daf9870-cc45-4e15-9eb2-9f721a98acb5,wild2fb47be064fb4a858fe2941b6722e402,KHWS,Stuart,Anderson,Stuart Anderson,stuarta@khws.co.uk,,Senior Strategist,,,,,,,,,,,,,FALSE,FALSE,18/07/2023 10:10,18/07/2023 10:10,19/01/2024 20:16
wildd0b422c880164e6b8f325011fda18dcd,wild32c259d564144cf69277a64a1f6e59bf,We Are Fearless,Michael,Barnard,Michael Barnard,,,Business Director,4.47866E+11,,,"80 Middlesex Street, Floor 3, London, Greater London, United Kingdom",80 Middlesex Street,London,Greater London,United Kingdom,,+44 (0) 7866 473165,,,FALSE,FALSE,13/08/2024 15:08,13/08/2024 15:08,
ae48ec6a-ada9-4aee-bb4e-25cb13932d8c,wild8e915ebdab5c497aa936b9dc86619eec,My company,Test Lisa,Gills,Test Lisa Gills,lisagills@outlook.com,,Director,07894777500,,,,,,,,,,,,FALSE,FALSE,25/07/2023 11:23,25/07/2023 11:23,20/03/2024 15:22
4dc67391-e682-4246-bd87-d22536c9d8dc,wildeb1c04c3ac7748e48be3ba451f42fe53,MRM,Ali,Sargeant,Ali Sargeant,alison.sargeant@mrm.com,,Head of HR,,,,,,,,,,,,,TRUE,TRUE,18/07/2023 10:11,17/06/2024 18:17,17/09/2023 09:57
c302a7a5-7662-453d-b705-28bc1eeb2304,wildca8ae814b03d403e8de6906ab1f8b40a,Iris,Markus,Dunz,Markus Dunz,markus.dunz@iris-worldwide.com,,HR Generalist,,4.42077E+11,,,,,,,,,,,FALSE,FALSE,18/07/2023 10:10,18/07/2023 10:10,20/12/2023 17:20
adcb4b47-4621-43cc-945d-99065819e49e,wild0a16bda469544761a72046a0e8e30506,Hey Human,Liz,Richardson,Liz Richardson,liz.richardson@heyhuman.com,,Managing Director,,,,"79-81, Borough Road, London, Greater London, SE1 1DN, United Kingdom","79-81, Borough Road",London,Greater London,United Kingdom,SE1 1DN,,,,FALSE,FALSE,09/01/2024 12:20,09/01/2024 12:20,21/03/2024 14:59
1901ccf1-32dc-4a46-9ac9-b0ffd6f7f973,wild68d644abbdfa4e8083acb06356384fef,PrettyGreen,Lucy,Porter,Lucy Porter,lucy.porter@itsprettygreen.com,,Head of Planning and Innovation,,4.42075E+11,,,,,,,,,,,FALSE,FALSE,18/07/2023 10:11,18/07/2023 10:11,20/12/2023 16:42
70f9b4a7-3d20-41e6-8617-03fad63219d9,wildb600e7b9e4304d108521d3aa2bf6f7f4,Missouri Creative,Andrew,Mitchell,Andrew Mitchell,andrew.mitchell@missouri-creative.com,,Managing Director,,,,"7.02 The Tea Building, Shoreditch High Street, London, Greater London, E1 6JJ, United Kingdom","7.02 The Tea Building, Shoreditch High Street",London,Greater London,United Kingdom,E1 6JJ,"I initially joined Missouri as a consultant soon after the agency was founded by Stuart Wood &amp; Paul Brennan, and worked closely with them for 4 years to establish the business. Although one of a number of agencies I worked with, Missouri soon became more than just another client. I love working with Stu &amp; Paul for their strategic and creative brilliance (and sense of humour). So much so that after a 3 year hiatus, I've re-joined in a full-time, strategic role to help deliver our 5 year growth plan.Coming from big agency backgrounds, we see the opportunity to create a new kind of agency; one that's more responsive to the increasingly frenetic pace of changing consumer behaviour and customer demands, and is unbound by the traditional, siloed thinking so often seen in big agency cultures.This combination allows us to think big, act fast and deliver the service clients are looking for in today’s competitive marketplace. Small agency agility with large agency experience.Missouri's success has been driven by our mantra, ‘Don’t tell me, show me’. Why? Because in today’s experience economy, successful brands can no longer TELL consumers why, they have to SHOW them. (Missouri is the 'Show Me state', hence the name.)In the 8 years since I helped get Missouri started, the team has worked across categories and continents. We've been the pan-European brand and retail communications agency for Foot Locker Europe and worked extensively with multiple brands in the Pernod Ricard portfolio – most notably an 8-year relationship with Jameson Irish whiskey as their global below-the-line agency of record, helping to increase sales by an average of 14% YOY in that time.Other notable clients include Honda, Carlsberg Group, Marriott, TUI Group, RNLI, Estée Lauder, Paddy Power, Asics, Snow+Rock, Harlequins Rugby Club and UK Sport.We've won multiple awards for our work, including 5 Transform Europe awards, a Design Week Gold for our work with Chivas Regal and The Drum’s Branding and Design Agency of the Year.Missouri is a team of multi-disciplinary thinkers, creators and doers from diverse cultural backgrounds, building a powerful agency culture and creating long term relationships with clients. Our unique approach delivers compelling experiences and identities for consumers, and tangible business results for clients. Whether online, in-store, on-shelf or on pack, we understand how, through memorable, emotive design and communication, brands can create impact where it matters most, where the brand meets the consumer.We’d love to SHOW YOU how.Drop me a line!I initially joined Missouri as a consultant soon after the agency was founded by Stuart Wood &amp; Paul Brennan, and worked closely with them for 4 years to establish the business. Although one of a number of agencies I worked with, Missouri soon became more than just another client. I love working with Stu &amp; Paul for their strategic and creative brilliance (and sense of humour). So much so that after a 3 year hiatus, I've re-joined in a full-time, strategic role to help deliver our 5 year growth plan. Coming from big agency backgrounds, we see the opportunity to create a new kind of agency; one that's more responsive to the increasingly frenetic pace of changing consumer behaviour and customer demands, and is unbound by the traditional, siloed thinking so often seen in big agency cultures. This combination allows us to think big, act fast and deliver the service clients are looking for in today’s competitive marketplace. Small agency agility with large agency experience. Missouri's success has been driven by our mantra, ‘Don’t tell me, show me’. Why? Because in today’s experience economy, successful brands can no longer TELL consumers why, they have to SHOW them. (Missouri is the 'Show Me state', hence the name.) In the 8 years since I helped get Missouri started, the team has worked across categories and continents. We've been the pan-European brand and retail communications agency for Foot Locker Europe and worked extensively with multiple brands in the Pernod Ricard portfolio – most notably an 8-year relationship with Jameson Irish whiskey as their global below-the-line agency of record, helping to increase sales by an average of 14% YOY in that time. Other notable clients include Honda, Carlsberg Group, Marriott, TUI Group, RNLI, Estée Lauder, Paddy Power, Asics, Snow+Rock, Harlequins Rugby Club and UK Sport. We've won multiple awards for our work, including 5 Transform Europe awards, a Design Week Gold for our work with Chivas Regal and The Drum’s Branding and Design Agency of the Year. Missouri is a team of multi-disciplinary thinkers, creators and doers from diverse cultural backgrounds, building a powerful agency culture and creating long term relationships with clients. Our unique approach delivers compelling experiences and identities for consumers, and tangible business results for clients. Whether online, in-store, on-shelf or on pack, we understand how, through memorable, emotive design and communication, brands can create impact where it matters most, where the brand meets the consumer. We’d love to SHOW YOU how. Drop me a line! …see more",,https://www.linkedin.com/in/mitchmissouri/,FALSE,FALSE,18/07/2023 10:10,18/07/2023 10:10,11/04/2024 11:48
6e72951d-14ee-4c29-b602-1b3c6140ccaf,wild9dac6c0f71d84741a9f91889932baa55,Initials,Annie,Little,Annie Little,al@initials.co.uk,,Strategy Director,,4.42077E+11,,,,,,,,,,,FALSE,FALSE,18/07/2023 10:10,18/07/2023 10:10,20/12/2023 16:47
d66979f3-64b0-4da4-b664-cbb32b6f09e9,wild4d660b285add4e61bd26beae7af45d3e,DDB Remedy,Chris,Bailey,Chris Bailey,chris.bailey@ddbremedy.co.uk,,Senior Talent Acquisition Partner,,,,"12, Bishop's Bridge Road, Greater, London, Greater London, W2 6AA, United Kingdom","12, Bishop's Bridge Road, Greater",London,Greater London,United Kingdom,W2 6AA,,,,TRUE,TRUE,18/07/2023 10:11,17/06/2024 18:17,17/09/2023 09:58
6c827907-8890-476e-9519-6acbf714cafe,wild3a93219e61d64a30937b9cdd117d2c2d,Red Brick Road,Ben,Mitchell,Ben Mitchell,ben.mitchell@theredbrickroad.com,,Head of Planning,,,,"58, Great Sutton Street, London, Greater London, EC1V 0DG, United Kingdom","58, Great Sutton Street",London,Greater London,United Kingdom,EC1V 0DG,,,,FALSE,FALSE,18/07/2023 10:11,18/07/2023 10:11,16/02/2024 15:01
c73b9fdf-4805-402a-80eb-33968aa56115,wild68689b3018f24972b440f687aa4a965c,Media Lab Group,Catherine,Falla,Catherine Falla,catherine.falla@medialabgroup.co.uk,,,,,,"3-4A, Little Portland Street, London, Greater London, W1W 7JB, United Kingdom","3-4A, Little Portland Street",London,Greater London,United Kingdom,W1W 7JB,,,,FALSE,FALSE,24/07/2023 12:20,24/07/2023 12:20,16/02/2024 13:55
0afad960-2b2d-4bdc-bd18-b34ff02173a0,wild0e9006fee8bd4b8db0b3cf9a661f77f7,Harvard,Andrew,Last,Andrew Last,Andrew.last@harvard.co.uk,,Managin Director,,,,"Greencoat House, 1, Francis Street, London, Greater London, SW1P 1DH, United Kingdom",Greencoat House,London,Greater London,United Kingdom,SW1P 1DH,,,,TRUE,TRUE,19/09/2023 12:39,11/07/2024 15:53,16/02/2024 13:50
05eeeb9a-7e6e-4951-b87f-07f7ebf5b51e,wild829026d748974a2ba01d52d582a69a85,The Corner,Neil,Hourston,Neil Hourston,neil.hourston@thecornerlondon.com,,CSO,,4.42035E+11,,"Richmond Mews, London, Greater London, W1D 3DA, United Kingdom",Richmond Mews,London,Greater London,United Kingdom,W1D 3DA,,,,FALSE,FALSE,18/07/2023 10:11,18/07/2023 10:11,19/02/2024 10:04
0b276013-1cee-4639-9dd3-c44cc1acfded,wildeb1c04c3ac7748e48be3ba451f42fe53,MRM,Mark,Walker,Mark Walker,mark.walker@MRM.com,,Planning Director,,,,"Plymouth, Plymouth, United Kingdom",,Plymouth,Plymouth,United Kingdom,,,,,FALSE,FALSE,16/02/2024 12:22,16/02/2024 12:22,16/02/2024 13:40
9bd0285d-25dc-43bd-8055-fb13092f3b87,wild37075754444e4dfa964b0bacd1602327,Digitas,Nadine,Stewart,Nadine Stewart,nadine.stewart@publicisgroupe.com,,Senior Talent Acquisition Partner,,4.42071E+11,,,,,,,,,,,TRUE,TRUE,18/07/2023 10:11,17/06/2024 18:17,17/09/2023 09:55
49f46d9a-9e72-4b42-8677-aa0af7cf35d6,wild1391a816fe104e509f454cc0c73b20f1,Quiet Storm,Jon,Howard,Jon Howard,jon@quietstorm.co.uk,,Head of Planning,,4.42075E+11,,"42-44, Beak Street, London, Greater London, W1F 9RH, United Kingdom","42-44, Beak Street",London,Greater London,United Kingdom,W1F 9RH,,,,FALSE,FALSE,18/07/2023 10:11,18/07/2023 10:11,16/02/2024 14:46
f76172ae-be02-41f2-a455-7f5a59907013,wild3ce2d6b2d37f4f3eb384bad335ad76c7,Contagious,Dan,Southern,Dan Southern,,,Managing Partner,,4.40203E+12,,"London, Greater London, United Kingdom",,London,Greater London,United Kingdom,,,,,FALSE,FALSE,05/03/2024 18:38,05/03/2024 18:38,
c4bf3324-d62e-4eb2-a944-99abc75b67a4,wildecc7fdaf9d50437a890f5565999e10c7,Arthur,Jenny,Kelleher,Jenny Kelleher,jennykelleher@arthurlondon.com,,Office Manager &amp; HR Generalist,,,,,,,,,,,,,FALSE,FALSE,18/07/2023 10:10,18/07/2023 10:10,20/12/2023 18:41
6c6f45c5-1d73-4fe2-aef6-0d71a5b3ff5d,wild6e3600480d334cf98d279b83d4aa39f7,BBD Perfect Storm,Oliver,Gibson,Oliver Gibson,oli.gibson@bbdperfectstorm.com,,Planning Partner,,,,"4th Floor, 55/71, City Road, London, Greater London, EC1Y 1SP, United Kingdom","4th Floor, 55/71, City Road",London,Greater London,United Kingdom,EC1Y 1SP,,,,FALSE,FALSE,30/01/2024 16:08,30/01/2024 16:08,16/02/2024 13:41
0114907c-b06a-4fe2-951f-4dc519170d41,wild184a5d018eb84c6bbae7d0229bddd905,MadeBrave,Mark,Cullen,Mark Cullen,mark.cullen@madebrave.com,,Head of Strategy,,4.41416E+11,,,,,,,,,,,FALSE,FALSE,18/07/2023 10:11,18/07/2023 10:11,20/12/2023 17:28
7f3c7a69-9de1-4d14-b836-51cd067db3cc,wild82cb4faef7074dd78febcc40035c71a0,House 337,Matt,Rhodes,Matt Rhodes,matt.rhodes@house337.com,,Chief Strategy Officer,,4.42031E+11,,"60, Great Portland Street, London, Greater London, W1W 7RT, United Kingdom","60, Great Portland Street",London,Greater London,United Kingdom,W1W 7RT,,,,FALSE,FALSE,18/07/2023 10:11,18/07/2023 10:11,16/02/2024 14:14
2eb9ec51-bc1d-4a1c-b6bc-792449777072,wildc44013db0dce42bc82fa1e446d3b063c,Sabio Group,George,Dobbin,George Dobbin,george.dobbin@sabiogroup.com,,Head of Talent Acquisition and Development,,,,,,,,,,,,,FALSE,FALSE,18/07/2023 10:11,18/07/2023 10:11,20/12/2023 18:48
a6ead6d1-a412-4afd-ba70-50b8915b1cb9,wilda0d9f9e6373c4e1493f4199943d28a0d,BBH,Michelle,O'Mahoney,Michelle O'Mahoney,michelle.omahoney@bbh.co.uk,,Group Strategy Director,,,,"60, Kingly Street, London, Greater London, W1B 5DS, United Kingdom","60, Kingly Street",London,Greater London,United Kingdom,W1B 5DS,,,,FALSE,FALSE,18/07/2023 10:11,18/07/2023 10:11,20/12/2023 19:00
ad51145d-6ff0-4149-b9f6-7e7c870ce537,wildecc7fdaf9d50437a890f5565999e10c7,Arthur,Nick,Whillis,Nick Whillis,nickwhillis@arthurlondon.com,,Head of strategy,,,,"London, Greater London, E1 1EW, United Kingdom",,London,Greater London,United Kingdom,E1 1EW,,,,FALSE,FALSE,18/07/2023 10:11,18/07/2023 10:11,16/02/2024 12:12
bd0b94b5-2fae-43c3-9529-9dd37202bb97,wildedfb01cf76cd4e1b9e37c58200bb9348,Team Spirit,David,McCann,David McCann,dmccann@teamspirit.uk.com,,HOP,,4.42074E+11,,"Greencoat House, 1, Greencoat Row, Francis Street, London, Greater London, SW1P 1DH, United Kingdom","Greencoat House, 1, Greencoat Row, Francis Street",London,Greater London,United Kingdom,SW1P 1DH,,,,FALSE,FALSE,18/07/2023 10:11,18/07/2023 10:11,26/02/2024 18:48
38294c91-08f6-4861-a3c1-2943f122aa42,wild37075754444e4dfa964b0bacd1602327,Digitas,Charlene,Charity,Charlene Charity,charlene.charity@digitas.com,,Head of Strategy &amp; DE&amp;I Council Co-Chair,,4.42071E+11,,"40, Chancery Lane, London, Greater London, WC2A 1JA, United Kingdom","40, Chancery Lane",London,Greater London,United Kingdom,WC2A 1JA,,,,FALSE,FALSE,18/07/2023 10:11,18/07/2023 10:11,16/02/2024 15:25
dd056d3d-dcae-4f17-9090-ce0ccccb124c,wild82cb4faef7074dd78febcc40035c71a0,House 337,Kimoy,Mais,Kimoy Mais,kimoy.mais@enginegroup.com,,Talent Assistant,,4.42031E+11,,,,,,,,,,,FALSE,FALSE,18/07/2023 10:11,18/07/2023 10:11,20/12/2023 16:39
a7f72194-90b3-4786-8f6a-3ecc3d148bc4,wild68be2cbe73f947abb407bc85ea5aa713,All Creative Branding,Beverley,Law,Beverley Law,beverley@allcreativebranding.com,,Founder,07702591982,,,,,,,,,"Founder and owner of ALL Creative; an independent strategic brand and communications agency delivering powerful creative thinking that cuts through complexity. My team and I thrive on brand and product marketing challenges that are awkward and tricky. We deliver creative solutions that are built on strategic insight. That’s why we specialise in sectors including health, science and technology, and visitor destinations. My agency is built on 30+ years agency experience working for large multinationals, SMEs and entrepreneurs to realise and refine their brand identity solutions. During this time I have worked for some of the world's leading brand communication agencies and have directed campaigns for the likes of Boehringer Ingelheim, Diageo, GSK, Novartis, Perrigo, Pfizer, Procter &amp; Gamble and Unilever.If your company has complex branding and communication needs and you need help demystifying the fog, we can help. Contact me at beverley@allcreativebranding.comFounder and owner of ALL Creative; an independent strategic brand and communications agency delivering powerful creative thinking that cuts through complexity. My team and I thrive on brand and product marketing challenges that are awkward and tricky. We deliver creative solutions that are built on strategic insight. That’s why we specialise in sectors including health, science and technology, and visitor destinations. My agency is built on 30+ years agency experience working for large multinationals, SMEs and entrepreneurs to realise and refine their brand identity solutions. During this time I have worked for some of the world's leading brand communication agencies and have directed campaigns for the likes of Boehringer Ingelheim, Diageo, GSK, Novartis, Perrigo, Pfizer, Procter &amp; Gamble and Unilever. If your company has complex branding and communication needs and you need help demystifying the fog, we can help. Contact me at beverley@allcreativebranding.com",,https://www.linkedin.com/in/beverleylaw/,FALSE,FALSE,18/07/2023 10:11,18/07/2023 10:11,20/12/2023 18:45
afb18629-86cf-4f9c-be3a-f2fb66cc1f1b,wild9a51c1ad43ac47c8ba7e346b3f0146d3,Avantegarde,Stuart,Bradbury,Stuart Bradbury,stuartb@avantgarde-uk.com,,MD,,4.42078E+11,,"88, Grays Inn Road, London, Greater London, WC1X 8AA, United Kingdom","88, Grays Inn Road",London,Greater London,United Kingdom,WC1X 8AA,,,,FALSE,FALSE,18/07/2023 10:11,18/07/2023 10:11,21/03/2024 13:18
a4116aba-e44a-4083-9095-fbe3bd7066d5,wilda38256ac3cf94cdc8c821d00d6c72984,Sid Lee,Rory,Natkiel,Rory Natkiel,rnatkiel@sidlee.com,,Head of Strategy,,,,,,,,,,,,,FALSE,FALSE,05/04/2024 12:35,05/04/2024 12:35,11/04/2024 11:53
5694271b-b21b-4780-a253-a8401ce0191f,wildaae19f1f55114143a4924a22d3b43457,East,Viv,Clarke,Viv Clarke,viv@theeastagency.com,,Managing Director,,,,,,,,,,,,,FALSE,FALSE,18/07/2023 10:10,18/07/2023 10:10,11/04/2024 11:45
3795e1c0-9687-4194-8667-853dd72a2ed2,wild4eed0393180243ec97fe9f6c69531b26,Gravity Road,Ruairi,Curran,Ruairi Curran,ruairicurran@gravityroad.com,,Head of Strategy,,,,"48, Hoxton Square, London, Greater London, N1 6PB, United Kingdom","48, Hoxton Square",London,Greater London,United Kingdom,N1 6PB,,,,FALSE,FALSE,18/07/2023 10:11,18/07/2023 10:11,25/03/2024 15:08
34033ae2-1bc9-4f7d-b201-8630d5d748ef,wild09c2466e6c084f7781b0f78449603e08,VMLY&R,Nic,Howell,Nic Howell,nic.howell@vmlyr.com,,Head of Experience Strategy &amp; Design,,,,,,,,,,,,,TRUE,TRUE,18/07/2023 10:11,17/06/2024 18:17,04/12/2023 11:11
53a0c181-b1ab-4573-8481-aed43129c33d,wilddc5bff3c68fb4677844ce88c69e60b85,McCann Worldgroup,Mel,Arrow,Mel Arrow,mel.arrow@mccann.com,,Chief Strategy Officer (CSO),,4.42078E+11,,"London, Greater London, EC2M 3YD, United Kingdom",,London,Greater London,United Kingdom,EC2M 3YD,,,,FALSE,FALSE,18/07/2023 10:10,18/07/2023 10:10,13/02/2024 17:28
acd40792-d4cc-4a8c-ba27-77bf13e70452,wilde2747968790b48968d22851475b80dbc,Coolr,Adam,Clyne,Adam Clyne,adam@wearecoolr.com,,CEO,,04407710961696,,"London, Greater London, United Kingdom",,London,Greater London,United Kingdom,,,,https://www.linkedin.com/in/adamclyne/,FALSE,FALSE,18/07/2023 10:11,17/06/2024 18:12,16/02/2024 15:10
64053974-5b97-4ed1-9d38-cae48d13c6aa,wild459b15f2962f49a2886e143c24b74f6e,big group,Stephanie,Burridge,Stephanie Burridge,stephanie.burridge@biggroup.co.uk,,People Director,,,,"London, Greater London, United Kingdom",,London,Greater London,United Kingdom,,,,,FALSE,FALSE,13/02/2024 17:03,13/02/2024 17:03,03/04/2024 11:44
7972fbc1-55a6-4b43-b4c6-2555f6e4cd45,wild237c5ef31faa452d8de31595440243a9,Jack Morton,Tim,Leighton,Tim Leighton,tim_leighton@jackmorton.co.uk,,"SVP, Director of Creative Strategy",,4.42087E+11,,,,,,,,,,,FALSE,FALSE,18/07/2023 10:11,18/07/2023 10:11,20/12/2023 17:12
00ca1798-fe5e-4387-86f6-9855d7055855,wild9d2927b4c3a149eb8084a14cfd933fbb,The Level Up,Chris,Martell,Chris Martell,chris@the-levelup.com,,Co- Founder,,,,Singapore,,,,Singapore,,,,,FALSE,FALSE,18/07/2023 10:10,18/07/2023 10:10,19/01/2024 20:34
b7463ea1-db2a-4780-b91f-001023bd58e5,wild613c56c1dc39446bbcbacbbccbc4ee72,Adam & Eve,Chris,Bailey,Chris Bailey,chris.bailey@tribalworldwide.co.uk,,Senior Talent Partner,,,,,,,,,,,,,FALSE,FALSE,18/07/2023 10:10,18/07/2023 10:10,20/12/2023 17:18
a62fa37f-b3d2-41d2-9fca-c9aadaee9d40,wild32c259d564144cf69277a64a1f6e59bf,We Are Fearless,Mike,Harland,Mike Harland,mike@wearefearless.com,,Managing Partner,,4.42071E+11,,"80, Middlesex Street, London, Greater London, E1 7EZ, United Kingdom","80, Middlesex Street",London,Greater London,United Kingdom,E1 7EZ,,,,FALSE,FALSE,18/07/2023 10:11,18/07/2023 10:11,19/02/2024 08:04
ea428ade-1e52-48f7-a404-206604c78f3f,wild409da89676564e1cae384505b5e1493c,Fox + Hare,Craig,Hares,Craig Hares,craig@foxandhare.co,,Co-Founder &amp; CEO,,4.42035E+11,,,,,,,,,,,FALSE,FALSE,18/07/2023 10:11,18/07/2023 10:11,10/04/2024 17:57
dd53d985-27c3-4634-b8ab-7bdf32c9f80b,wild8de0dec63f1648ce9ec87d4779e6c46d,Truant London,Don,Larotonda,Don Larotonda,don@truantlondon.com,,Head Of Strategy,07881943631,,,"London, Greater London, EC2A 3LT, United Kingdom",,London,Greater London,United Kingdom,EC2A 3LT,,,,FALSE,FALSE,02/08/2023 10:02,02/08/2023 10:02,16/02/2024 13:54
ce15e87d-1b97-4384-a94c-79e367438bd1,wilde1d41b780f9d4fc884e5fc8637e5d5ca,Weber Shandwick,Louisa,Wetton,Louisa Wetton,lwetton@webershandwick.com,,,,,,"135 Bishopsgate, London, Greater London, EC2M 3YD, United Kingdom",135 Bishopsgate,London,Greater London,United Kingdom,EC2M 3YD,,,,TRUE,TRUE,13/10/2023 09:39,17/06/2024 18:17,18/01/2024 09:08
ec8df9b4-d863-4ed1-8142-75d48c147f92,wild92d89bc77db149d090a9a56d00f3fbee,The Mars Agency,Paul,Parsons,Paul Parsons,pparsons@marslondon.co.uk,,Strategy Director,,,,"London, England, United Kingdom, London, Greater London, United Kingdom","London, England, United Kingdom",London,Greater London,United Kingdom,,,,,FALSE,FALSE,18/07/2023 10:10,18/07/2023 10:10,20/12/2023 18:36
1d11ac3e-cdfa-405b-98e0-707f55e17968,wilda0d9f9e6373c4e1493f4199943d28a0d,BBH,Will,Lion,Will Lion,will.lion@bbh.co.uk,,Joint Head of Planning,,,,"60, Kingly Street, London, Greater London, W1B 5DS, United Kingdom","60, Kingly Street",London,Greater London,United Kingdom,W1B 5DS,,,,FALSE,FALSE,18/07/2023 10:11,18/07/2023 10:11,16/02/2024 14:09
bb567ff0-e92b-4b27-8ff4-cadadce92a8d,wild342f383fac5e480ca5f45037cfcba248,Atomic London,Nicky,Vita,Nicky Vita,,,Head of Strategy,,,,"London, Greater London, United Kingdom",,London,Greater London,United Kingdom,,,,,FALSE,FALSE,05/03/2024 18:14,05/03/2024 18:14,
9d342927-0b69-4325-a14c-f6b53c09134d,wilda3fc0b61d3c9436db7d37684d2343a9e,Dentsu Sports International,Nicole,Wilford,Nicole Wilford,nicole.wilford@Dentsu.com,,HR business partner,,,,,,,,,,,,,TRUE,TRUE,18/07/2023 10:11,17/06/2024 18:17,
8ae6c806-d300-463f-a293-d65a99eae020,wildedf8722da6fd498b8abc24424dc1c3eb,Foundernomics,Andrew,Webber,Andrew Webber,andrew@nomics.group,,Business Strategist,,,,"London Area, United Kingdom, London, Greater London, United Kingdom","London Area, United Kingdom",London,Greater London,United Kingdom,,,,,FALSE,FALSE,18/07/2023 10:10,18/07/2023 10:10,11/04/2024 18:57
1e6cfe78-4daf-489c-86bf-a48cbf45250e,wild1d8d4e8710ad462f8561163e29cbb40c,Digital Natives,Alistair,Fitch,Alistair Fitch,alistair@digitalnativescontent.com,,Co-founder &amp; Managing Director,,,,,,,,,,,,,FALSE,FALSE,18/07/2023 10:11,18/07/2023 10:11,20/12/2023 17:32
1267c53d-f638-43e2-9a0f-1b718d101796,wild26e5576286414a9abbe7e4dafe31f7a2,Ogilvy Consulting,Cathy,Henderson,Cathy Henderson,cathy.henderson@ogilvy.com,,Talent Partner,,4.42032E+11,,"London, Greater London, SE1 9PD, United Kingdom",,London,Greater London,United Kingdom,SE1 9PD,,,,FALSE,FALSE,18/07/2023 10:11,18/07/2023 10:11,05/02/2024 15:54
47826ab5-bdf5-4b00-8e25-f2484c527d38,wild33f31440225e4304b8bca1012fedbd3b,Fire Without Smoke,Harry,Pugsley,Harry Pugsley,harry.pugsley@firewithoutsmoke.com,,Consultant,,,,,,,,,,,,,FALSE,FALSE,18/07/2023 10:11,18/07/2023 10:11,20/12/2023 16:55
91bdcaf8-e2fc-40c3-b6c1-40d8442ccff1,wild24e427760612499a9e1a549b70c5888b,Space,Daisy,Hampton,Daisy Hampton,daisy.corbett@agencyspace.co.uk,,Business Director,,,,,,,,,,,,,TRUE,TRUE,18/07/2023 10:11,17/06/2024 18:17,17/09/2023 09:42
aceb4419-3a26-413a-9fc3-b8449e98dbd1,wild003c1e5e778d46cdab0b8680ed76c285,TRO,Linda,Hilston,Linda Hilston,linda.hilston@tro.com,,Head of Recruitment,,4.42086E+11,,,,,,,,,,,TRUE,TRUE,18/07/2023 10:11,17/06/2024 18:17,17/09/2023 10:03
7ac0927d-b938-4a85-9337-68d05a2a4378,wild3ce2d6b2d37f4f3eb384bad335ad76c7,Contagious,Dan,Southern,Dan Southern,dan@contagious.com,,Managing Partner,,4.40203E+12,,,,,,,,,,,FALSE,FALSE,18/07/2023 10:11,18/07/2023 10:11,20/12/2023 17:03
0b4fe810-9de9-4053-9270-f2796311225c,wilda0d9f9e6373c4e1493f4199943d28a0d,BBH,Richard,Madden,Richard Madden,richard.madden@bbh.co.uk,,CSO,,,,"60, Kingly Street, London, Greater London, W1B 5DS, United Kingdom","60, Kingly Street",London,Greater London,United Kingdom,W1B 5DS,,,,FALSE,FALSE,18/07/2023 10:11,18/07/2023 10:11,16/02/2024 14:07
7af6ae15-0f78-43d8-866e-a77337e7d69d,wild7c671ae368e246a9acaf45b377bcb1aa,Agency Inc,Matthew,Morgan,Matthew Morgan,matthew@agencyinc.co.uk,,Chief Execeutive,02072579501,4.42073E+11,,"Strand, London, Greater London, WC2R 1LA, United Kingdom",Strand,London,Greater London,United Kingdom,WC2R 1LA,,,,FALSE,FALSE,18/07/2023 10:11,18/07/2023 10:11,16/02/2024 13:57
f3a2db9a-0cbd-4783-8a6b-3cb98f5975a1,wildf041e628b04641d6a0ab90ba5f7fe273,Ogilvy UK,James,Myers,James Myers,james.myers@ogilvy.com,jimmy.myers@btinternet.com,Head of Strategy,,4.42032E+11,,"20, Upper Ground, London, Greater London, SE1 9PD, United Kingdom","20, Upper Ground",London,Greater London,United Kingdom,SE1 9PD,,,,FALSE,FALSE,18/07/2023 10:11,18/07/2023 10:11,19/03/2024 16:39
63c3d18a-fa80-4f56-bc07-fc7e577ce9bd,wildfc873c762d814c68a2957898a684b541,Shift Active Media,Wayne,Brown,Wayne Brown,wayne.brown@playsportsnetwork.com,,MD,,4.41225E+11,,"Bath, Bath and North East Somerset, BA1, United Kingdom",,Bath,Bath and North East Somerset,United Kingdom,BA1,,,,FALSE,FALSE,18/07/2023 10:11,18/07/2023 10:11,16/02/2024 14:41
5797b006-1bb7-4be4-92e6-554f7ffac3fd,wild02841c8d651645718c3c63eba0cacca1,Uncommon London,Lucy,Jameson,Lucy Jameson,,,Founder,,,,"London, Greater London, United Kingdom",,London,Greater London,United Kingdom,,,,,FALSE,FALSE,23/02/2024 13:21,23/02/2024 13:21,
389e1188-6be1-4206-9605-649b5cc97564,wilda33dd8dce6014b5f9166e4ef0a253d68,Drummond Central,Dan,Appleby,Dan Appleby,dan.appleby@drummondcentral.co.uk,,MD,,4.40191E+12,,,,,,,,,,,FALSE,FALSE,18/07/2023 10:11,18/07/2023 10:11,16/02/2024 15:22
80b933f0-23a7-4465-8ab4-3f5d52f83054,wildfa645999b0bd42219210e7eb857fd0d1,Hell Yeah,Tom,Newton,Tom Newton,tom@hellyeah.co,,Managing Partner,,,,,,,,,,,,,FALSE,FALSE,18/07/2023 10:11,18/07/2023 10:11,30/10/2023 10:44
c07525a0-65f8-41c6-91ba-286fe90d98b6,wildca8ae814b03d403e8de6906ab1f8b40a,Iris,Chris,Whitson,Chris Whitson,chris.whitson@iris-worldwide.com,,Global Head of Strategy,,4.42077E+11,,"10, Queen Street Place, London, Greater London, EC4R 1BE, United Kingdom","10, Queen Street Place",London,Greater London,United Kingdom,EC4R 1BE,,,,FALSE,FALSE,18/07/2023 10:11,18/07/2023 10:11,26/02/2024 18:42
f69db5fb-32d0-49fd-a37b-15a9f52b73b3,wildeb1c04c3ac7748e48be3ba451f42fe53,MRM,Ian,Lenehan,Ian Lenehan,ian.lenehan@mccann.com,,"Head of Talent Acquisition, McCann",,,,,,,,,,,,,FALSE,FALSE,18/07/2023 10:10,18/07/2023 10:10,11/02/2024 14:34
07581d5b-e8c0-4239-8df1-30b857d7a0e8,wild9d2927b4c3a149eb8084a14cfd933fbb,The Level Up,Emily,Walton,Emily Walton,,,Founder,,,,"Oxford, Oxfordshire, OX4, United Kingdom",,Oxford,Oxfordshire,United Kingdom,OX4,,,,FALSE,FALSE,05/03/2024 18:02,05/03/2024 18:02,
6939e77c-6c68-4a84-8e14-c6c8b05de104,wild7ff012d4e7194be5be8a93d8eee6e631,The Marketing Practice,Oli,Marshall,Oli Marshall,omarshall@themarketingpractice.com,,Head of Strategy,,4.41236E+11,,,,,,,,,,,FALSE,FALSE,18/07/2023 10:11,18/07/2023 10:11,20/12/2023 17:24
715843ad-3e08-4d2e-8565-498765cfe5b2,wild82cb4faef7074dd78febcc40035c71a0,House 337,Rob,Sellers,Rob Sellers,rob_sellers@outlook.com,,Executive Director,,,,"60, Great Portland Street, London, Greater London, W1W 7RT, United Kingdom","60, Great Portland Street",London,Greater London,United Kingdom,W1W 7RT,,,,TRUE,TRUE,18/07/2023 10:11,17/06/2024 18:17,
2c0b8d97-b313-442f-9772-558bd6cdd1ca,wild254a95286f044b93b97983f8e2f4cf9c,RPM,Rob,Wilson,Rob Wilson,robert.wilson@rpmltd.com,,Head of Creative &amp; Strategy,07841065970,4.42087E+11,,"The Old Treacle Factory, Goodwin Road, London, Greater London, W12 9JW, United Kingdom","The Old Treacle Factory, Goodwin Road",London,Greater London,United Kingdom,W12 9JW,,,,FALSE,FALSE,18/07/2023 10:11,18/07/2023 10:11,16/02/2024 14:42
0475a73b-176a-44fb-8198-832632472c2b,wildfc873c762d814c68a2957898a684b541,Shift Active Media,Doug,Baker,Doug Baker,doug.baker@shiftactivemedia.com,,Head of Strategy &amp; Research,,4.41225E+11,,,,,,,,,,,FALSE,FALSE,18/07/2023 10:11,18/07/2023 10:11,20/12/2023 17:35
3d0d042b-d14e-4a1a-8069-21a037b39a40,wild37075754444e4dfa964b0bacd1602327,Digitas,Toby,Bowerman,Toby Bowerman,toby.bowerman@digitas.com,,Strategy Director,,4.42071E+11,,,,,,,,,,,TRUE,TRUE,18/07/2023 10:11,17/06/2024 18:17,17/09/2023 09:12
a8a3600b-78e4-4140-b42c-1547596f4623,wild1d8d4e8710ad462f8561163e29cbb40c,Digital Natives,Alice,Wisbey,Alice Wisbey,alice@digitalnativescontent.com,,Talent Manager,,,,,,,,,,,,,TRUE,TRUE,18/07/2023 10:10,17/06/2024 18:17,30/10/2023 10:58
e8a93966-bd02-4272-bf29-9f382173debf,wild074a1c5435c84e53a7ea1fddbaab593b,Zeal Creative,Natalie,Winterton-Whitfield,Natalie Winterton-Whitfield,Natalie@zealcreative.com,,Talent Acquisition Manager,07485911311,,,"MediaCityUK, Salford, Greater Manchester, M50 2AB, United Kingdom",MediaCityUK,Salford,Greater Manchester,United Kingdom,M50 2AB,,,,FALSE,FALSE,24/10/2023 23:58,24/10/2023 23:58,16/02/2024 13:58
09b5c0f8-dfac-4b70-b026-cc90ca569398,wildc1ba11978921499b8cc8b4e3ff5068ba,ZAG,Anu,Shah,Anu Shah,anu.shah@wearezag.com,,CEO,,,,"60, Kingly Street, London, Greater London, W1B 5QW, United Kingdom","60, Kingly Street",London,Greater London,United Kingdom,W1B 5QW,,,,FALSE,FALSE,18/07/2023 10:11,18/07/2023 10:11,19/02/2024 08:06
0c40fd68-e12f-4249-b32b-25ff33a746e7,wild7d0bba0bd5484f79a4b68d299e397ff9,Stories Untold,Gemma,Champ,Gemma Champ,gemmachamp@storiesunfold.me,,Strategy Director,07974211258,,,,,,,,,,,,FALSE,TRUE,17/01/2024 21:06,11/07/2024 16:03,08/04/2024 11:32
8b57d83a-13ef-4a4d-a926-08aaa540020f,wild7ff012d4e7194be5be8a93d8eee6e631,The Marketing Practice,Mahreen,Khan-Gul,Mahreen Khan-Gul,mgul@themarketingpractice.com,,Talent Acquisition Specialist,,4.41236E+11,,"London, England, United Kingdom, London, Greater London, United Kingdom","London, England, United Kingdom",London,Greater London,United Kingdom,,,,,FALSE,FALSE,18/07/2023 10:10,18/07/2023 10:10,20/12/2023 16:32
b35c5c98-3994-4a03-9feb-71698ba9d039,wildca8ae814b03d403e8de6906ab1f8b40a,Iris,Tom,Philips,Tom Philips,tom.phillips@iris-worldwide.com,,Executive Strategy Director,07917123034,4.42077E+11,,"10, Queen Street Place, London, Greater London, EC4R 1BE, United Kingdom","10, Queen Street Place",London,Greater London,United Kingdom,EC4R 1BE,,,,FALSE,FALSE,18/07/2023 10:10,18/07/2023 10:10,20/12/2023 16:52
b0e4a75e-3156-44f2-af58-a0e00ca8ac99,wildf9e49e9649c742b0ae19a818b21c093b,The&Partnership,Simon,Cromey,Simon Cromey,simon@theandpartnership.com,,Global Customer Journey Director,,,,,,,,,,,,,FALSE,FALSE,18/07/2023 10:11,18/07/2023 10:11,
c91951aa-7afc-47f8-87ab-1fff0e674571,wild3b09aad189414ddabd8ad80c0086ff9d,Zeal,Callum,Saunders,Callum Saunders,callum@zealcreative.com,,Planning Director,,4.42082E+11,,,,,,,,,,,FALSE,FALSE,18/07/2023 10:11,18/07/2023 10:11,20/12/2023 17:23
4ecc045f-68de-480a-a7cd-6e35c2ce2b55,wilde43fd4b525814124adc90364bff76513,Orange Panther Collective,Simon,Hewitt,Simon Hewitt,simon@orangepanther.co,,Founding Partner &amp; MD,,,,,,,,,,,,,FALSE,FALSE,18/07/2023 10:11,18/07/2023 10:11,16/02/2024 15:04
607dc819-a055-41db-b81c-b8f40d535956,wild058738fd855245c294f67cf81af82ebf,Nonsense,Nick,Armitage,Nick Armitage,nick@nonsenselondon.com,,Operations,,,,"London, Greater London, EC1V 2NX, United Kingdom",,London,Greater London,United Kingdom,EC1V 2NX,,,,FALSE,FALSE,18/07/2023 10:11,18/07/2023 10:11,16/02/2024 14:34
0a60ecd8-6b30-4318-8351-4df8418df976,wild6e3600480d334cf98d279b83d4aa39f7,BBD Perfect Storm,Jason,Foo,Jason Foo,jason.foo@bbdperfectstorm.com,,CEO,,,,"4th Floor, 55/71, City Road, London, Greater London, EC1Y 1SP, United Kingdom","4th Floor, 55/71, City Road",London,Greater London,United Kingdom,EC1Y 1SP,,,,FALSE,FALSE,18/07/2023 10:11,18/07/2023 10:11,16/02/2024 13:59
ec95b262-6ec0-4c8c-a650-b29562d5480f,wild442cd5d3e41a41b3903408254a9fd609,Thread Team,Richard,Calvert,Richard Calvert,richard@thethreadteam.com,,Founder,,,,,,,,,,,,,FALSE,FALSE,18/07/2023 10:11,18/07/2023 10:11,20/12/2023 18:55
58b3ab81-6707-4a85-84d6-b4c371abd18f,wildb3e1a20df5854d53b83d5d7db72cac88,M&C Saatchi,Jasper,Hunter,Jasper Hunter,jasper.hunter@mcsaatchi.com,,Managing Partner,,,,,,,,,,,,,TRUE,TRUE,18/07/2023 10:11,17/06/2024 18:17,26/10/2023 08:03
eab09265-2032-4c58-b8e3-5a16eb961245,wild003c1e5e778d46cdab0b8680ed76c285,TRO,Kirsty,Finding,Kirsty Finding,kirsty.finding@tro.com,,Talent Manager,,4.42086E+11,,"18, Petersham Road, Richmond, Greater London, TW10 6UW, United Kingdom","18, Petersham Road",Richmond,Greater London,United Kingdom,TW10 6UW,,,,FALSE,FALSE,18/07/2023 10:11,18/07/2023 10:11,05/04/2024 18:58
625e2cbc-1060-4c78-bee8-a1e5e193e526,wild37075754444e4dfa964b0bacd1602327,Digitas,Jennifer,Miller,Jennifer Miller,jennifer.miller@digitas.com,,Senior Resource Manager,,4.42071E+11,,,,,,,,,,,FALSE,FALSE,18/07/2023 10:11,18/07/2023 10:11,19/02/2024 08:04
2ac54b04-f356-471c-b4c1-c1c73faa3559,wild7a229b9aa6f04741ae667486a37e33d4,McCann Enterprise,Ruth,Pateman,Ruth Pateman,ruth.pateman@mccannenterprise.com,,Head of Planning,,,,"135 Bishopsgate, London, Greater London, EC2M 3YD, United Kingdom",135 Bishopsgate,London,Greater London,United Kingdom,EC2M 3YD,,,,FALSE,FALSE,18/07/2023 10:11,18/07/2023 10:11,16/02/2024 14:30
da0cbdff-e394-4e17-9acf-209f76b8fbe6,wild7cdd71d03248402f87343a6eeedb9861,Entain,Caitriona,Redmond,Caitriona Redmond,caitriona.redmond@entaingroup.com,,"Talent Acquisition Manager - Digital, Tech, &amp; Product",,07736125864,,,,,,,,,,,FALSE,FALSE,18/07/2023 10:11,18/07/2023 10:11,20/12/2023 17:14
3e3a0d07-43dc-4d93-b55e-a4f3bbd58974,wild3ce2d6b2d37f4f3eb384bad335ad76c7,Contagious,Karl,Marsden,Karl Marsden,karl@contagious.com,,CEO,07966160019,4.40203E+12,,,,,,,,,,,TRUE,TRUE,18/07/2023 10:11,11/07/2024 16:06,20/12/2023 16:36
cd0e7298-cf18-468e-a512-f2f1d08215d3,wild058738fd855245c294f67cf81af82ebf,Nonsense,Rob,Mosley,Rob Mosley,rob@nonsenselondon.com,,Founder &amp; Creative Partner,,,,"Kemp House, 160, City Road, London, Greater London, EC1V 2NX, United Kingdom","Kemp House, 160, City Road",London,Greater London,United Kingdom,EC1V 2NX,,,,FALSE,FALSE,18/07/2023 10:11,18/07/2023 10:11,16/02/2024 14:32
f3973ddc-79ad-4e89-8779-f82fab7731cc,wild235dee1d81ec47a6895732afcf3d93e7,Team Eleven,Jo,Vaughan,Jo Vaughan,Jo.Vaughan@teameleven.co.uk,,Strategy Director,,,,"30, Church Street, Bradford-on-Avon, Wiltshire, BA15 1LN, United Kingdom","30, Church Street",Bradford-on-Avon,Wiltshire,United Kingdom,BA15 1LN,,,,FALSE,FALSE,12/12/2023 10:54,12/12/2023 10:54,16/02/2024 13:45
9c7a17c2-9973-4e33-b52c-797f53fb3b74,wilde9549776a3134c4c8dfd7c541c78adeb,Dark Horses,Matt,Readman,Matt Readman,matt@darkhorses.com,,CSO,,,,,,,,,,,,,FALSE,FALSE,18/07/2023 10:10,18/07/2023 10:10,20/12/2023 18:46
92e2e8e1-bd0d-4df9-8525-6ffb791bebed,wild29e71a99172f467c8d8b8b64a85cb435,Cult LDN + NYC,Lucy,Barker,Lucy Barker,lucy@cultldn.com,,HR Consultant,,4.42031E+11,,,,,,,,,,,TRUE,TRUE,06/12/2021 09:41,17/06/2024 18:17,11/07/2023 09:53
3499e1c8-2a85-467d-9532-a1d21132e654,wildfca136a3c60e4be3872641074ff35f6b,Toaster,Dave,Holmes,Dave Holmes,daveholmes@toaster.co,,Operations &amp; Resource Manager,,4.42072E+11,,,,,,,,,,,FALSE,FALSE,18/07/2023 10:11,18/07/2023 10:11,22/02/2023 18:28
96c34c23-99be-4b48-84db-46a3f79020e5,wild2425675a2c334f329d47cb885662e6a9,Acne London,Rachel,Wood,Rachel Wood,rachel@acnelondon.com,,Head of Communications,,,,,,,,,,,,,FALSE,FALSE,18/07/2023 10:11,18/07/2023 10:11,20/12/2023 18:52
140019ea-31d1-4191-aa4e-db529bf45fd4,wild409da89676564e1cae384505b5e1493c,Fox + Hare,Mark,Smith,Mark Smith,mark@foxandhare.co,,MD,,4.42035E+11,,,,,,,,,,,TRUE,TRUE,18/07/2023 10:10,17/06/2024 18:17,30/10/2023 10:59
21f83a56-b7a3-4eab-85bb-c69dbf7e989b,wild6e1aa46cef884d99bf20e40b50f0ca03,PsLondon,Kendra,Rogers,Kendra Rogers,kendra@pslondon.co.uk,,Head of Insight &amp; Strategy,,,,,,,,,,,,,TRUE,TRUE,18/07/2023 10:10,17/06/2024 18:17,17/09/2023 10:42
10c05792-efb6-4470-bfe1-98159e8098da,wild37791193b561432ab8d33d390d42c3a7,Momentum ABM,Rhian,Price,Rhian Price,rhian.price@momentumabm.com,,Head of People,,4.42039E+11,,,,,,,,,,,TRUE,TRUE,18/07/2023 10:11,17/06/2024 18:17,17/09/2023 08:31
b74fb6c5-2142-4723-bfef-84498e797523,wild409da89676564e1cae384505b5e1493c,Fox + Hare,Ben,Fox,Ben Fox,ben@foxandhare.co,,Strategy and Planning Director &amp; Co-Founder,,4.42035E+11,,,,,,,,,,,TRUE,TRUE,18/07/2023 10:11,17/06/2024 18:17,17/09/2023 08:56
35cba1ff-bccb-4c59-bbed-46aa62558b57,wild3d06fefcc911447285ba9edf1da91634,Pulse,Kirsti,Horne,Kirsti Horne,khorne@bluesquare.uk.com,,Group Strategy Director,,4.4207E+11,,,,,,,,,,,FALSE,FALSE,18/07/2023 10:11,18/07/2023 10:11,20/12/2023 16:40
07653bca-50c6-460e-b243-9ec6acf974d3,wildb48e3f1b8d6c4a9caef0b1b823b7e36b,McCann Health,Parrus,Doshi,Parrus Doshi,parrus.doshi@mccannhealth.com,,Strategy Partner,,,,"135 Bishopsgate, London, Greater London, EC2M 3YD, United Kingdom",135 Bishopsgate,London,Greater London,United Kingdom,EC2M 3YD,,,,FALSE,FALSE,18/07/2023 10:11,18/07/2023 10:11,20/12/2023 18:31
wild5e8a5726c75c4ca69412a8f904762545,wild920683042f7c4e1aa890ab87e97587f2,Publicis Emil,Recruitly-CT,Publicis Emil,Recruitly-CT Publicis Emil,,,,,,,,,,,,,,,,FALSE,FALSE,16/06/2024 14:57,16/06/2024 14:57,
834aa725-44fe-4263-b39d-1cca22722363,wildeb1c04c3ac7748e48be3ba451f42fe53,MRM,Peter,Holgate,Peter Holgate,peter.holgate@mrm.com,,Head of Strategic Planning,,,,,,,,,,,,,TRUE,TRUE,18/07/2023 10:11,11/07/2024 16:08,29/02/2024 11:54
dc72955c-6c94-46e7-a497-3865df3448ee,wild2fb47be064fb4a858fe2941b6722e402,KHWS,Nadia,Patel,Nadia Patel,nadiap@khws.co.uk,,Head of Talent,,,,,,,,,,,,,TRUE,TRUE,18/07/2023 10:10,17/06/2024 18:17,17/09/2023 10:47
473e62c9-6d54-489e-a09e-2b18c2cefa7f,wild82cb4faef7074dd78febcc40035c71a0,House 337,Duncan,Mclauchlan,Duncan Mclauchlan,duncan_mc@hotmail.com,,Deputy Head of Strategy,,4.42031E+11,,"60, Great Portland Street, London, Greater London, W1W 7RT, United Kingdom","60, Great Portland Street",London,Greater London,United Kingdom,W1W 7RT,,,,FALSE,FALSE,24/10/2023 22:48,24/10/2023 22:48,16/02/2024 13:48
63bf8f85-740a-4ec4-9dff-a8433b908e18,wild7e21f0adda2049ed9a87b118072c8331,Merkle B2B,Simon,Calvert,Simon Calvert,simon.calvert@gyro.com,,Chief Strategy Officer,,,,,,,,,,,,,TRUE,TRUE,18/07/2023 10:10,17/06/2024 18:17,25/10/2023 08:43
d084b098-bffd-4857-821c-548ee3f8b528,wildca8ae814b03d403e8de6906ab1f8b40a,Iris,Ben,Essen,Ben Essen,ben.essen@iris-worldwide.com,,Head of Planning,,4.42077E+11,,"10, Queen Street Place, London, Greater London, EC4R 1BE, United Kingdom","10, Queen Street Place",London,Greater London,United Kingdom,EC4R 1BE,,,,FALSE,FALSE,18/07/2023 10:11,18/07/2023 10:11,16/02/2024 14:23
1e542a67-d7fb-49a4-8786-866485a7f8f4,wildedfb01cf76cd4e1b9e37c58200bb9348,Team Spirit,Crispin,Heath,Crispin Heath,cheath@teamspirit.uk.com,,Digital Director,,4.42074E+11,,"Greencoat House, 1, Greencoat Row, Francis Street, London, Greater London, SW1P 1DH, United Kingdom","Greencoat House, 1, Greencoat Row, Francis Street",London,Greater London,United Kingdom,SW1P 1DH,,,,FALSE,FALSE,18/07/2023 10:11,18/07/2023 10:11,16/02/2024 14:56
dd5f956c-609d-4599-bc8f-38261ce541cf,wild5de9aff00208412599c330ccefa31aee,Sonder and Tell,Emily,Ames,Emily Ames,emily@sonderandtell.com,,Co-founder &amp; Strategy Director,,,,,,,,,,,,,FALSE,FALSE,18/07/2023 10:10,18/07/2023 10:10,20/12/2023 16:57
36c581f6-d3d4-4ae1-ad83-02abe7699683,wild5318707feb7048fa8d932023784f5986,Recipe,Dom,Roe,Dom Roe,dom@reci.pe,,Strategy Director,,4.42032E+11,,"BFI, 21, Stephen Street, London, Greater London, W1T 1LN, United Kingdom","BFI, 21, Stephen Street",London,Greater London,United Kingdom,W1T 1LN,,,,FALSE,FALSE,18/07/2023 10:11,18/07/2023 10:11,16/02/2024 14:52
71263de9-2367-4479-b36e-af57557096dd,wild8ab519b2048c437d917e3171e6dd5e90,BMB,Stef,Daidone,Stef Daidone,stefanie.daidone@bmbagency.com,,Executive Management Assistant,,4.42076E+11,,"The Crane Building, 22, Lavington Street, London, Greater London, SE1 0NZ, United Kingdom","The Crane Building, 22, Lavington Street",London,Greater London,United Kingdom,SE1 0NZ,,,,FALSE,FALSE,18/07/2023 10:11,18/07/2023 10:11,16/02/2024 15:13
2aa304fa-1857-4745-a7bd-02ff3331619c,wildfca136a3c60e4be3872641074ff35f6b,Toaster,Zanya,Fahy,Zanya Fahy,zanya@toaster.co,,Global Head of Strategy,,4.42072E+11,,,,,,,,,,,FALSE,FALSE,18/07/2023 10:11,18/07/2023 10:11,20/12/2023 18:43
87be4714-5f55-4b7c-9774-e2508faca24b,wild26b47315c8c1478c9e7bdee755cade65,Keko,Prash,Yadave,Prash Yadave,prashant.yadave@keko.london,,Head of Strategy,,4.42033E+11,,,,,,,,,,,TRUE,TRUE,18/07/2023 10:11,17/06/2024 18:17,17/09/2023 08:29
2d480246-3bf5-461e-9325-aabfcdb2e8d1,wildf01cb9141d0e48458e36c999690e9262,St. Luke's Communications London,Dan,Hulse,Dan Hulse,dhulse@stlukes.co.uk,danhulse1@mac.com,Chief Strategy Officer and Partner,07957540583,,,,,,,,,,,,FALSE,FALSE,18/07/2023 10:11,18/07/2023 10:11,20/12/2023 18:53
64baa7e6-6510-4fd8-a6a2-1ddb20eba866,wild1d8d4e8710ad462f8561163e29cbb40c,Digital Natives,Oliver,Elmes,Oliver Elmes,oliver@digitalnativescontent.com,,CEO,,,,"203/213, Mare Street, London, Greater London, E8 3JS, United Kingdom","203/213, Mare Street",London,Greater London,United Kingdom,E8 3JS,,,,FALSE,FALSE,19/09/2023 12:26,19/09/2023 12:26,16/02/2024 13:51
b51a20b7-515a-4a18-a3c7-bc4bc618a750,wild6e3600480d334cf98d279b83d4aa39f7,BBD Perfect Storm,Tony,Quinn,Tony Quinn,tony.quinn@bbdperfectstorm.com,,CSO,,,,"4th Floor, 55/71, City Road, London, Greater London, EC1Y 1SP, United Kingdom","4th Floor, 55/71, City Road",London,Greater London,United Kingdom,EC1Y 1SP,,,,FALSE,FALSE,18/07/2023 10:11,18/07/2023 10:11,16/02/2024 13:58
30ededbe-5b77-49a4-beba-85987399090e,wild0b151f3881804038b58846a8dfbdfa06,Skating Panda,Karen,McDonald,Karen McDonald,accounts@skatingpanda.com,,Chief Financial Officer,,,,,,,,,,,,,FALSE,FALSE,18/07/2023 10:11,18/07/2023 10:11,20/12/2023 18:50
351c5e1a-ef7d-4e92-98d4-f825a4c166f3,wild2ad947af5232414e9414e9e387fd50f7,And Rising,Rob,Ward,Rob Ward,rob@andrising.co,,Head of Planning,,,,"9, Long Street, London, Greater London, E2 8GS, United Kingdom","9, Long Street",London,Greater London,United Kingdom,E2 8GS,,,,FALSE,FALSE,18/07/2023 10:11,18/07/2023 10:11,16/02/2024 13:56
933e0cf6-2cbd-488b-aafe-a0b46423bd0e,wild4bbd8ce46644410ca20781dedb2c4a8c,eatbigfish,Benjamin,Cooper,Benjamin Cooper,ben@eatbigfish.com,bjcooper@gmail.com,Strategy Director,,,,"London, Greater London, SE1 0SW, United Kingdom",,London,Greater London,United Kingdom,SE1 0SW,,,,FALSE,FALSE,18/07/2023 10:11,18/07/2023 10:11,03/04/2024 13:49
1303361a-96b5-4725-b2c1-11c604f80453,wild4eed0393180243ec97fe9f6c69531b26,Gravity Road,Mark,Boyd,Mark Boyd,markboyd@gravityroad.com,,Founder,,,,"48, Hoxton Square, London, Greater London, N1 6PB, United Kingdom","48, Hoxton Square",London,Greater London,United Kingdom,N1 6PB,,,,FALSE,FALSE,18/07/2023 10:11,18/07/2023 10:11,16/02/2024 14:18
7e1da65a-f301-44bd-a0cc-779acdb4952e,wildf041e628b04641d6a0ab90ba5f7fe273,Ogilvy UK,Sophie,Robinson,Sophie Robinson,sophie.robinson@ogilvy.com,,Talent Acquisition Manager,,4.42032E+11,,"London, Greater London, United Kingdom",,London,Greater London,United Kingdom,,,,,FALSE,FALSE,23/10/2023 12:20,23/10/2023 12:20,16/02/2024 13:49
0e91f884-0a0e-4c52-9723-20a76db4f63c,wilddc5bff3c68fb4677844ce88c69e60b85,McCann Worldgroup,Harjot,Singh,Harjot Singh,harjot.singh@mccann.com,,EVP - Global Strategy,,4.42078E+11,,,,,,,,,,,TRUE,TRUE,18/07/2023 10:11,17/06/2024 18:17,30/11/2023 09:38
5554b5a8-0963-4ca1-bafb-e68f37f93060,wilddeab356aadfc43b1bee381bc7d5c4d1e,Across the Pond,Kerensa,Ayivor,Kerensa Ayivor,kerensa.ayivor@gmail.com,,Strategy Director (Google &amp; YouTube),,,,,,,,,,,,,FALSE,FALSE,18/07/2023 10:11,18/07/2023 10:11,20/12/2023 17:30
c6fa636d-7a1a-44bd-aeb0-9e86995aaa82,wildfa645999b0bd42219210e7eb857fd0d1,Hell Yeah,Josh,Clarricoats,Josh Clarricoats,josh@hellyeah.co,,Managing Partner,,,,,,,,,,,,,TRUE,TRUE,18/07/2023 10:11,17/06/2024 18:17,17/09/2023 09:40
7d9f8bdf-6150-44d9-bae5-bafbc3789415,wilde1d41b780f9d4fc884e5fc8637e5d5ca,Weber Shandwick,Andrew,Lopez,Andrew Lopez,alopez@webershandwick.com,,"SVP, Brand Strategy",,,,"London, England, United Kingdom, London, Greater London, United Kingdom","London, England, United Kingdom",London,Greater London,United Kingdom,,,,,FALSE,FALSE,18/07/2023 10:10,18/07/2023 10:10,06/03/2024 10:43
49472dc3-da45-470d-9a1f-bb01c6f19c50,wild405ffcfac0c244be937e091649d1ca86,Strat House,Rachel,Clarke,Rachel Clarke,rachel@strathouse.co.uk,,Founding Partner,,,,"8, Coldbath Square, London, Greater London, EC1R 5HL, United Kingdom","8, Coldbath Square",London,Greater London,United Kingdom,EC1R 5HL,,,,FALSE,FALSE,18/07/2023 10:11,18/07/2023 10:11,19/02/2024 08:07
6636ed34-55f2-44a6-b58d-c38e6ab659bf,wild7a229b9aa6f04741ae667486a37e33d4,McCann Enterprise,Dominic,Meadows,Dominic Meadows,dominic.meadows@mccannlondon.com,,Talent Partner,,,,"135 Bishopsgate, London, Greater London, EC2M 3YD, United Kingdom",135 Bishopsgate,London,Greater London,United Kingdom,EC2M 3YD,,,,TRUE,TRUE,18/07/2023 10:11,17/06/2024 18:17,19/12/2023 16:56
5bd1b9c6-e28c-40dd-9355-e2c4e6c10cd3,wild342f383fac5e480ca5f45037cfcba248,Atomic London,Steve,Hopkins,Steve Hopkins,steve.hopkins@atomic-london.co.uk,,CSO,,,,,,,,,,,,,TRUE,TRUE,18/07/2023 10:11,17/06/2024 18:17,19/12/2023 19:01
62adb039-0738-4a0b-8da9-a94d67b9a97d,wild442cd5d3e41a41b3903408254a9fd609,Thread Team,Carolyn,Bondi,Carolyn Bondi,carolyn@thethreadteam.com,,Founder,,,,,,,,,,,,,FALSE,FALSE,18/07/2023 10:11,18/07/2023 10:11,20/12/2023 18:54
89382049-e918-4245-9f78-d7433adf3453,wild16de09024d404c4b9e21a988d575f5c9,SevenC3,Natasha,Glazebrook,Natasha Glazebrook,natasha.glazebrook@seven.co.uk,,Creative Services Manager,,4.42078E+11,,,,,,,,,,,FALSE,FALSE,18/07/2023 10:11,18/07/2023 10:11,20/12/2023 16:45
3e879573-db19-47c9-a8ce-7550c6a7961e,wilde4a07f85c7d64870bc911e0ad76fbe72,Blue Chip Marketing,Nicky,Thompson,Nicky Thompson,nicky@wearebluechip.co.uk,,Managing Director,,4.41618E+11,,,,,,,,,,,TRUE,TRUE,18/07/2023 10:11,17/06/2024 18:17,17/09/2023 09:01
b28968ad-70f0-4193-a98a-3136b35229b1,wild4126aba9a5064eb6b2a6cacd825ebf4c,Collective,Julian,Smilg,Julian Smilg,julian.smilg@collectiveworld.com,,Strategy Director,,4.42078E+11,,"2-7, Clerkenwell Green, London, Greater London, EC1R 0DE, United Kingdom","2-7, Clerkenwell Green",London,Greater London,United Kingdom,EC1R 0DE,,,,FALSE,FALSE,29/11/2023 22:58,29/11/2023 22:58,16/02/2024 12:12
f0af37c5-eef6-4f61-98d5-8e063c26f9a5,wild7ff012d4e7194be5be8a93d8eee6e631,The Marketing Practice,Jay,Nash,Jay Nash,jnash@themarketingpractice.com,,Talent Acquisition Manager,,4.41236E+11,,,,,,,,,,,TRUE,TRUE,18/07/2023 10:11,17/06/2024 18:17,17/09/2023 09:32
0e711987-0852-4014-83f9-7cf4d80f21df,wildf041e628b04641d6a0ab90ba5f7fe273,Ogilvy UK,Daniel,Lee,Daniel Lee,daniel.lee@ogilvy.com,,Strategy Director,,4.42032E+11,,"London, Greater London, SE1 9PD, United Kingdom",,London,Greater London,United Kingdom,SE1 9PD,,,,FALSE,FALSE,18/07/2023 10:11,18/07/2023 10:11,20/12/2023 18:58
f6c19664-7481-43b3-8c4c-2c1b304795c9,wildc484fd40e5914b06968433177b2c846f,Isobel,Steve,Hastings,Steve Hastings,steve@isobel.com,,Head of Planning,,4.42073E+11,,"144, New Cavendish Street, London, Greater London, W1W 6YF, United Kingdom","144, New Cavendish Street",London,Greater London,United Kingdom,W1W 6YF,,,,FALSE,FALSE,18/07/2023 10:11,18/07/2023 10:11,16/02/2024 14:25
74694506-945c-44d0-922e-ec8d23c152fc,wilda0d9f9e6373c4e1493f4199943d28a0d,BBH,Anna,Rosenthal,Anna Rosenthal,anna.rosenthal@bbh.co.uk,,BX &amp; Digital Innovation Lead,,,,"60, Kingly Street, London, Greater London, W1B 5DS, United Kingdom","60, Kingly Street",London,Greater London,United Kingdom,W1B 5DS,,,,FALSE,FALSE,18/07/2023 10:10,18/07/2023 10:10,20/12/2023 18:37
373383a7-8a6e-45a5-8a6e-45d563121deb,wild0a16bda469544761a72046a0e8e30506,Hey Human,Jossy,Pilgrim,Jossy Pilgrim,jossy.pilgrim@heyhuman.com,,Planning Director,,,,"79-81, Borough Road, London, Greater London, SE1 1DN, United Kingdom","79-81, Borough Road",London,Greater London,United Kingdom,SE1 1DN,,,,FALSE,FALSE,18/07/2023 10:11,18/07/2023 10:11,11/04/2024 11:15
f77b6b80-826f-4ba2-a644-0d43788b95a3,wildeb1c04c3ac7748e48be3ba451f42fe53,MRM,Ashleigh,Boyle,Ashleigh Boyle,Ashleigh.Boyle@mrm.com,,Talent Manager,07800915873,,,"135, Bishopsgate, London, Greater London, EC2M 3YD, United Kingdom","135, Bishopsgate",London,Greater London,United Kingdom,EC2M 3YD,,,,FALSE,FALSE,29/11/2023 22:44,29/11/2023 22:44,16/02/2024 13:46
a33160e4-5577-4d48-b57e-9d87677f9f64,wild60a77e1c26e147ccaf47c60053cc42f6,Cult LDN,Alex,Manning,Alex Manning,alex@cultldn.com,,Head of Strategy,,,,"4.01 The Tea Building, 56, Shoreditch High Street, London, Greater London, E1 6JJ, United Kingdom","4.01 The Tea Building, 56, Shoreditch High Street",London,Greater London,United Kingdom,E1 6JJ,,,,FALSE,FALSE,18/07/2023 10:10,18/07/2023 10:10,08/03/2024 17:47
0fbfc570-c9d9-46be-bc49-c90c6854e10f,wild235dee1d81ec47a6895732afcf3d93e7,Team Eleven,Nicholas,Gill,Nicholas Gill,nicholas.gill@teameleven.co.uk,,Strategy Partner,,,,,,,,,,,,,TRUE,TRUE,18/07/2023 10:11,17/06/2024 18:17,16/01/2024 13:40
68b1c1eb-fdb0-4010-a7f8-c08bf2a48781,wilde1d41b780f9d4fc884e5fc8637e5d5ca,Weber Shandwick,Gen,Kobayashi,Gen Kobayashi,gkobayashi@webershandwick.com,,CSO,,,,,,,,,,,,,FALSE,FALSE,18/07/2023 10:11,18/07/2023 10:11,21/02/2024 15:26
abb752b6-12a7-4c2c-bfb3-62fb7c2a51a2,wild3d06fefcc911447285ba9edf1da91634,Pulse,Hannah,Christmas,Hannah Christmas,hchristmas@bluesquare.uk.com,,Lead Talent Acquisition Specialist,,4.4207E+11,,,,,,,,,,,FALSE,FALSE,18/07/2023 10:11,18/07/2023 10:11,13/02/2024 18:02
b7d645fa-728a-4cfd-80ca-9b4c4b0a3656,wild076e44442c5149dca720e76d75c2eeb8,VMLY&R Commerce,Michael,Ludlow,Michael Ludlow,michael.ludlow@vmlyr.com,,Talent Acquisition Director,,,,,,,,,,,,,FALSE,FALSE,18/07/2023 10:11,18/07/2023 10:11,20/12/2023 17:26
f67f7839-c06c-455c-84f0-b8687bcf5e54,wild8875120ff7914566931d0714a587158f,Jack Morton Worldwide,Fiona,Lawlor,Fiona Lawlor,fiona_lawlor@jackmorton.co.uk,,HR Director,07775585971,,,,,,,,,,,,FALSE,FALSE,18/07/2023 10:11,18/07/2023 10:11,20/12/2023 16:31
c454acaa-8700-4eb2-b984-d6103b6b42e0,wilde412a5a858ed4f4ba88c154d617ad67f,AKQA,Guy,Rush,Guy Rush,guy.rush@akqa.com,,"Group Strategy Director, Global",,,,"London, England, United Kingdom, London, Greater London, United Kingdom","London, England, United Kingdom",London,Greater London,United Kingdom,,,,,FALSE,FALSE,18/07/2023 10:10,18/07/2023 10:10,20/12/2023 18:47
wild7ccc4f91eaf2466c912900fbac4a0912,wildf99ed51f849a4f86becbb70ee5c57570,Magnus Consulting,Teresa,Allan,Teresa Allan,,,Founding Partner,,,,,,,,,,,,,FALSE,FALSE,16/06/2024 14:57,16/06/2024 14:57,
ea99e8d3-019c-4b73-814a-f9fff7f5020a,wild12124a8072bb4c36be1c04f3d57afbb5,Magnus Club,Alex,Brayshaw,Alex Brayshaw,alex@themagnusclub.com,,Founder,,,,,,,,,,,,,TRUE,TRUE,18/07/2023 10:11,17/06/2024 18:17,06/07/2023 12:15
eb4fb421-a6cd-4b61-b18f-024f9feadee7,wilda33dd8dce6014b5f9166e4ef0a253d68,Drummond Central,Neil,Caffery,Neil Caffery,neil.caffery@drummondcentral.co.uk,,Head of Planning,,4.40191E+12,,"70, Jesmond Road West, Newcastle upon Tyne, Tyne and Wear, NE2 4PQ, United Kingdom","70, Jesmond Road West",Newcastle upon Tyne,Tyne and Wear,United Kingdom,NE2 4PQ,,,,FALSE,FALSE,18/07/2023 10:11,18/07/2023 10:11,16/02/2024 15:19
7af1baf1-bd36-4c65-8c98-6dc3fa1a3ce2,wild4126aba9a5064eb6b2a6cacd825ebf4c,Collective,Chris,Shadrick,Chris Shadrick,chris.shadrick@collectivelondon.com,,Head of Strategy,,4.42078E+11,,"2-7, Clerkenwell Green, London, Greater London, EC1R 0DE, United Kingdom","2-7, Clerkenwell Green",London,Greater London,United Kingdom,EC1R 0DE,,,,FALSE,FALSE,18/07/2023 10:11,18/07/2023 10:11,16/02/2024 14:04
a5df3e5a-fdfb-409e-bd12-351c00bf15e8,wilddd78fc0e46d6447fa8546031e942357e,Now Advertising,Darren,Burnett,Darren Burnett,darren.burnett@thisisnow.com,,Head of Planning,,4.42074E+11,,,,,,,,,,,FALSE,FALSE,18/07/2023 10:11,18/07/2023 10:11,20/12/2023 17:00
ac18d1d0-be73-418a-a5de-ef09bbf3aef5,wilde49da00a272b4aea8acef319b8864ec9,Earnest,Paul,Hewerdine,Paul Hewerdine,paul.hewerdine@earnest-agency.com,,Head of Strategy,,4.42035E+11,,"23, Fitzroy Street, London, Greater London, W1T 4BP, United Kingdom","23, Fitzroy Street",London,Greater London,United Kingdom,W1T 4BP,,,,FALSE,FALSE,18/07/2023 10:11,18/07/2023 10:11,16/02/2024 14:11
86b4b1d0-36f1-41e1-8df9-e79e6ba73e55,wild0a16bda469544761a72046a0e8e30506,Hey Human,Neil,Davidson,Neil Davidson,neil.davidson@heyhuman.com,,MD,,,,"79-81, Borough Road, London, Greater London, SE1 1DN, United Kingdom","79-81, Borough Road",London,Greater London,United Kingdom,SE1 1DN,,,,FALSE,FALSE,18/07/2023 10:11,18/07/2023 10:11,10/04/2024 08:00
44a2ff77-e8c3-4658-a9b8-2bc0892acb42,wild16de09024d404c4b9e21a988d575f5c9,SevenC3,James,Mathers,James Mathers,james.mathers@seven.co.uk,,Operations Manager,,4.42078E+11,,,,,,,,,,,TRUE,TRUE,18/07/2023 10:11,17/06/2024 18:17,25/09/2023 14:37
0d1d3d77-a29e-4b78-9343-395cc6bc23ad,wild451ab5fbae1443478ca4d2ae6194d9ac,Curious Cat Digital,Paul,Whittingham,Paul Whittingham,paul@curiouscatdigital.co.uk,,Co-Owner,,4.42039E+11,,,,,,,,,,,FALSE,FALSE,18/07/2023 10:11,18/07/2023 10:11,20/12/2023 18:49
d21bf230-8b69-439d-8d7e-e5182d027f16,wild074a1c5435c84e53a7ea1fddbaab593b,Zeal Creative,Ali,Sargeant,Ali Sargeant,ali@zealcreative.com,,Head of HR and Talent,,,,"2-7, Clerkenwell Green, London, Greater London, EC1R 0DE, United Kingdom","2-7, Clerkenwell Green",London,Greater London,United Kingdom,EC1R 0DE,,,,FALSE,FALSE,02/10/2023 16:50,02/10/2023 16:50,14/02/2024 19:24
fb79dd8f-89a2-4bec-93d7-b8e775bbf3c8,wildc0608c97a6644042add8f0fb307a7d75,Five By Five Global,Emmeline,Kite,Emmeline Kite,emmeline_kite@yahoo.co.uk,,Head of Strategy,,,,"London, Greater London, United Kingdom",,London,Greater London,United Kingdom,,,,,FALSE,FALSE,02/04/2024 18:34,02/04/2024 18:34,
84d161a7-b136-4fd7-9827-2f03db01bab8,wilddd78fc0e46d6447fa8546031e942357e,Now Advertising,Gaby,Bell,Gaby Bell,gabrielle.bell@thisisnow.com,,CSO,,4.42074E+11,,,,,,,,,,,TRUE,TRUE,18/07/2023 10:11,17/06/2024 18:17,18/01/2023 11:42
9e7651ef-55c1-47e2-8834-93349062162e,wild9dac6c0f71d84741a9f91889932baa55,Initials,Mirella,Mokbel,Mirella Mokbel,mmo@initials.co.uk,,Strategy Director,,4.42077E+11,,,,,,,,,,,TRUE,TRUE,18/07/2023 10:11,17/06/2024 18:17,17/09/2023 09:19
08e15e55-4220-4b4c-8b3c-fdaca55729e7,wild254a95286f044b93b97983f8e2f4cf9c,RPM,Dom,Robertson,Dom Robertson,dom.robertson@rpmltd.com,,Managing Director,07768018975,4.42087E+11,,"The Old Treacle Factory, Goodwin Road, London, Greater London, W12 9JW, United Kingdom","The Old Treacle Factory, Goodwin Road",London,Greater London,United Kingdom,W12 9JW,,,,TRUE,TRUE,18/07/2023 10:11,17/06/2024 18:17,26/09/2023 12:25
172fd05c-3366-414b-ad3c-0aca7374cfde,wildedfb01cf76cd4e1b9e37c58200bb9348,Team Spirit,Zoe,Miranda,Zoe Miranda,zmiranda@teamspirit.uk.com,,Head of Social,,4.42074E+11,,,,,,,,,,,TRUE,TRUE,18/07/2023 10:11,17/06/2024 18:17,03/08/2023 09:38
a4400326-79e6-4f82-bf20-58986bc0475f,wild076e44442c5149dca720e76d75c2eeb8,VMLY&R Commerce,Sarah,Jenkins,Sarah Jenkins,sarah.jenkins2@vmlyr.com,,Talent Acquisition Manager,,,,,,,,,,,,,FALSE,FALSE,18/07/2023 10:11,18/07/2023 10:11,20/12/2023 16:58
9e751190-9f73-4683-8c41-4960aa6d1e90,wild76a915a6dc994521bc47d096662edb5a,Ladder,Christina,Papadopoulou,Christina Papadopoulou,c.papadopoulou@ladder.io,,,,,,,,,,,,,,,FALSE,FALSE,05/07/2022 15:05,05/07/2022 15:05,20/12/2023 18:44
063a426e-b0d3-4c70-9b64-c286bc6b243d,wild235dee1d81ec47a6895732afcf3d93e7,Team Eleven,Imogen,Judd,Imogen Judd,Imogen.Judd@teameleven.co.uk,,strategy Director,,,,"30, Church Street, Bradford-on-Avon, Wiltshire, BA15 1LN, United Kingdom","30, Church Street",Bradford-on-Avon,Wiltshire,United Kingdom,BA15 1LN,,,,FALSE,FALSE,12/12/2023 10:54,12/12/2023 10:54,16/02/2024 13:43
23ae41a3-5824-49af-ad65-06746b1151b7,wild8ff2cf78ea1f4a08af8f30657435d1a9,Pollitt & Partners,Alexena,Collins,Alexena Collins,alexena.c@pollittandpartners.com,,Strategy Director,,4.42074E+11,,"91, Wimpole Street, London, Greater London, W1G 0EF, United Kingdom","91, Wimpole Street",London,Greater London,United Kingdom,W1G 0EF,,,,FALSE,FALSE,18/07/2023 10:11,18/07/2023 10:11,19/02/2024 08:02
72d6b5c4-fac0-434b-95f2-18ff04fc7318,wild730fb8fc25254cabbf605455063ec5b5,Open,Ali,Green,Ali Green,alison.green@opencreates.com,,Head of HR,,4.42077E+11,,,,,,,,,,,FALSE,FALSE,18/07/2023 10:11,18/07/2023 10:11,16/02/2024 14:36
cc866677-f476-4f63-b9c1-00f41dd1560a,wild16de09024d404c4b9e21a988d575f5c9,SevenC3,Angela,McCabe,Angela McCabe,angela.mccabe@seven.co.uk,,People Director,,4.42078E+11,,,,,,,,,,,TRUE,TRUE,18/07/2023 10:11,17/06/2024 18:17,17/09/2023 08:48
29bd96c2-8ea2-4b8a-a5a7-16df563d5311,wildc4ee0f0c827941a18973234679692b9d,TBWA\Media Arts Lab,Laetitia,Askew,Laetitia Askew,laetitia.askew@mediaartslab.com,,Senior Recruiter,,,,"82, Charing Cross Road, London, Greater London, WC2H 0BA, United Kingdom","82, Charing Cross Road",London,Greater London,United Kingdom,WC2H 0BA,,,,FALSE,FALSE,18/07/2023 10:11,18/07/2023 10:11,19/02/2024 15:42
563fe324-2b73-4914-ad85-579a1b5ce002,wildf0b5263f04be4c77ae4977b88a85c50c,White Bear Studio,Kiara,de Vries,Kiara de Vries,kiara@whitebearstudio.com,,Account Director,,4.42032E+11,,,,,,,,,,,FALSE,FALSE,18/07/2023 10:11,18/07/2023 10:11,20/12/2023 16:20
f9f2ccf4-9e52-4c2e-aa9f-7ca321e2bb33,wildfa56144dcd8d482ab277b818d231f99b,Redwood BBDO London,Sarah,Brayton,Sarah Brayton,sarah.brayton@redwoodlondon.com,,Chief Strategy Officer,,4.42038E+11,,,,,,,,,,,FALSE,FALSE,18/07/2023 10:11,18/07/2023 10:11,28/02/2024 18:01
6e0e5eeb-225d-48fa-8723-852aadafb2a5,wildf041e628b04641d6a0ab90ba5f7fe273,Ogilvy UK,Reon,Ford,Reon Ford,reon.ford@ogilvy.com,,Head of Talent,,4.42032E+11,,"London, Greater London, SE1 9PD, United Kingdom",,London,Greater London,United Kingdom,SE1 9PD,,,,FALSE,FALSE,16/09/2023 14:32,16/09/2023 14:32,11/04/2024 10:10
650916c9-8efd-4407-9a90-d029433e0fb9,wild7ae04eb7ed0848f49cbb001a1e8b37c3,Born Social,Essi,Nurminen,Essi Nurminen,essi@bornsocial.com,,Head of Strategy,,,,,,,,,,,,,TRUE,TRUE,18/07/2023 10:11,17/06/2024 18:17,03/01/2024 10:00
b0138f0d-2dcb-445a-8ea5-e23d367473be,wild61457cd48c8e4df6aa3cfda05fca9db4,Publicis Poke,Claire,Meadows,Claire Meadows,claire.meadows@publicispoke.com,,,,,,"London, Greater London, W12 7FW, United Kingdom",,London,Greater London,United Kingdom,W12 7FW,,,,TRUE,TRUE,18/07/2023 10:10,17/06/2024 18:17,20/12/2023 18:33
wild3a43cbaef7304394b404e3899ba00c97,wildfb63f1b099bc4c27873d91e6db87c95b,Tribal,Recruitly-CT,Tribal,Recruitly-CT Tribal,,,,,,,,,,,,,,,,FALSE,FALSE,16/06/2024 14:57,16/06/2024 14:57,
0fef8fc1-dd65-4858-8493-3a250d1f10e4,wild3a93219e61d64a30937b9cdd117d2c2d,Red Brick Road,Lisa,Gulley,Lisa Gulley,lisa.gulley@theredbrickroad.com,,Head of planning,,,,,,,,,,,,,FALSE,FALSE,18/07/2023 10:10,18/07/2023 10:10,20/12/2023 16:54
43556dd0-4d6c-48f5-89d0-159c11b96683,wild9061b51888cd45c29c2e916ebffe93a5,the tree,Tom,Rabin,Tom Rabin,tomadrabin@gmail.com,,Strategy Lead,,,,"London, Greater London, SE10 9LZ, United Kingdom",,London,Greater London,United Kingdom,SE10 9LZ,,,,FALSE,FALSE,23/08/2023 20:37,23/08/2023 20:37,16/02/2024 13:54
30dcbbf4-71ca-47d3-aa5b-e8927c3b8a80,wild2ad947af5232414e9414e9e387fd50f7,And Rising,Jonathan,Trimble,Jonathan Trimble,jonathan@andrising.co,,CEO,,,,"9, Long Street, London, Greater London, E2 8GS, United Kingdom","9, Long Street",London,Greater London,United Kingdom,E2 8GS,,,,TRUE,TRUE,18/07/2023 10:11,17/06/2024 18:17,17/09/2023 08:07
31c355c7-a05c-48fd-a8db-540b849d21ad,wild32c259d564144cf69277a64a1f6e59bf,We Are Fearless,Alexandra,Branzan,Alexandra Branzan,alexandra.b@wearefearless.com,,Strategy Director,,4.42071E+11,,"London, Greater London, E1 7EZ, United Kingdom",,London,Greater London,United Kingdom,E1 7EZ,,,,FALSE,FALSE,18/07/2023 10:11,18/07/2023 10:11,19/02/2024 08:06
f39801bb-167a-4d9b-b82d-a03b3ba491ad,wildca8ae814b03d403e8de6906ab1f8b40a,Iris,Freya,Sorrell,Freya Sorrell,freya.sorrell@iris-worldwide.com,,Senior Talent Partner,4.40208E+12,4.42077E+11,,"10, Queen Street Place, London, Greater London, EC4R 1BE, United Kingdom","10, Queen Street Place",London,Greater London,United Kingdom,EC4R 1BE,,,,FALSE,FALSE,24/10/2023 21:55,24/10/2023 21:55,16/02/2024 13:48
a545a50c-25ea-49d5-b023-264cbf044814,wildfa56144dcd8d482ab277b818d231f99b,Redwood BBDO London,Lare,Noel,Lare Noel,lare.noel@redwoodlondon.com,,HR Manager,,4.42038E+11,,,,,,,,,,,FALSE,TRUE,18/07/2023 10:11,11/07/2024 16:06,19/12/2023 16:48
95d5bd1a-fce3-4925-b7f6-851a8552548d,wild9dac6c0f71d84741a9f91889932baa55,Initials,Simon,Callender,Simon Callender,sc@initials.co.uk,,CSO,,4.42077E+11,,,,,,,,,,,FALSE,FALSE,18/07/2023 10:11,18/07/2023 10:11,20/12/2023 18:59
077ef949-3186-453b-afb1-030b11ae9d63,wild254a95286f044b93b97983f8e2f4cf9c,RPM,Sophie,Keenan,Sophie Keenan,sophie.keenan@rpmltd.com,,People Manager,,,,"24-40 Goodwin Road, The Old Treacle Factory, London, Greater London, United Kingdom",24-40 Goodwin Road,London,Greater London,United Kingdom,,,,,TRUE,TRUE,18/07/2023 10:11,17/06/2024 18:17,16/02/2024 14:44
012d1b90-d248-43d8-9f4e-9feeea8331db,wild7ff012d4e7194be5be8a93d8eee6e631,The Marketing Practice,Simon,McEvoy,Simon McEvoy,simon.mcevoy@omobono.com,,Chief Strategy Officer,,4.41236E+11,,,,,,,,,,,FALSE,FALSE,18/07/2023 10:11,18/07/2023 10:11,20/12/2023 17:31
8eba6008-b591-4e17-b6b9-0795614e663d,wild4bbd8ce46644410ca20781dedb2c4a8c,eatbigfish,Susie,Milburn,Susie Milburn,susie@eatbigfish.com,,Strategy Director,,,,,,,,,,,,,FALSE,FALSE,18/07/2023 10:11,18/07/2023 10:11,20/12/2023 17:17
9b10c90c-10b1-40b1-a63a-69138e3fd83d,wild37075754444e4dfa964b0bacd1602327,Digitas,Greg,Georgiades,Greg Georgiades,greg.georgiades@digitas.com,,Managing Partner,,4.42071E+11,,,,,,,,,,,TRUE,TRUE,18/07/2023 10:11,17/06/2024 18:17,30/10/2023 10:39
1bdda96e-d3e1-4482-8d41-fba78f96f7f3,wild4126aba9a5064eb6b2a6cacd825ebf4c,Collective,Carolyn,Laing,Carolyn Laing,carolyn.laing@collectiveworld.com,,Managing Director,,4.42078E+11,,,,,,,,,,,FALSE,FALSE,18/07/2023 10:11,18/07/2023 10:11,20/12/2023 16:49
504eb724-e3f3-49a4-90e3-c6df424df2b9,wild759138590a3641bfbc6a760fd6836d0c,Media Blaze,Stephen,Hobbs,Stephen Hobbs,stephen.hobbs@mediablaze.com,,Strategy and planning director,,4.42032E+11,,,,,,,,,,,TRUE,TRUE,18/07/2023 10:11,17/06/2024 18:15,
73e79c30-fd9f-43f6-8f3a-390ae4a03539,wildade8f8d471cc42c3a4a6b0602dfc97f2,Zak,Joanna,Davies,Joanna Davies,joanna@zakagency.com,,CEO,,,,,,,,,,,,,FALSE,FALSE,18/07/2023 10:11,18/07/2023 10:11,20/12/2023 17:04
a932bd84-552a-4950-8f96-6155f6399e2a,wild26b47315c8c1478c9e7bdee755cade65,Keko,Ben,Whattam,Ben Whattam,ben@keko.london,,COO,,4.42033E+11,,,,,,,,,,,TRUE,TRUE,18/07/2023 10:11,17/06/2024 18:17,17/09/2023 08:31
7674bee6-b831-4351-93d8-ffd6d52625ad,wild82cb4faef7074dd78febcc40035c71a0,House 337,Alicia,Richardson,Alicia Richardson,alicia.richardson@enginegroup.com,,Senior Talent Partner,,4.42031E+11,,,,,,,,,,,TRUE,TRUE,18/07/2023 10:11,17/06/2024 18:17,17/09/2023 09:46
09d0a9f3-1539-4382-975a-a8f25875f937,wildb3e1a20df5854d53b83d5d7db72cac88,M&C Saatchi,Neil,Hopkins,Neil Hopkins,neil.hopkins@mcsaatchi.com,,Director &amp; Global Head of Strategy,,,,"36, Golden Square, London, Greater London, W1F 9JX, United Kingdom","36, Golden Square",London,Greater London,United Kingdom,W1F 9JX,,,,FALSE,FALSE,18/07/2023 10:11,18/07/2023 10:11,16/02/2024 15:07
c8c782da-de31-4799-a360-f3a9e4192815,wild67e71a0f48f2455c98bf45d8654652cb,Cheil UK,Michael,Chadwick,Michael Chadwick,m.chadwick@cheil.com,,Head Of Strategy,,,,"10, Queen Street Place, London, Greater London, EC4R 1BE, United Kingdom","10, Queen Street Place",London,Greater London,United Kingdom,EC4R 1BE,,,,FALSE,FALSE,18/07/2023 10:11,18/07/2023 10:11,20/12/2023 16:26
7ea1dfd3-5f9a-401a-9479-ace1c7125a38,wild82cb4faef7074dd78febcc40035c71a0,House 337,Georgina,Murray-Burton,Georgina Murray-Burton,g.murray-burton@house337.com,,Head of Strategy,,4.42031E+11,,"60, Great Portland Street, London, Greater London, W1W 7RT, United Kingdom","60, Great Portland Street",London,Greater London,United Kingdom,W1W 7RT,,,,FALSE,FALSE,05/03/2024 18:29,05/03/2024 18:29,20/12/2023 17:21
28fd938c-ee6e-4920-a3b0-4a20459eaf76,wild254a95286f044b93b97983f8e2f4cf9c,RPM,Patrick,Sullivan,Patrick Sullivan,Patrick.Sullivan@rpmltd.com,,Strategy Director,4.4791E+11,4.42087E+11,,"The Old Treacle Factory, Goodwin Road, London, Greater London, W12 9JW, United Kingdom","The Old Treacle Factory, Goodwin Road",London,Greater London,United Kingdom,W12 9JW,,,,FALSE,FALSE,05/03/2024 17:13,05/03/2024 17:13,27/10/2022 10:28
3a7eddec-9630-4a08-9863-95196f809c64,wild0e9006fee8bd4b8db0b3cf9a661f77f7,Harvard,Jessie,Bland,Jessie Bland,jessie.bland@harvard.co.uk,,Strategy Director,,,,"Greencoat House, 1, Greencoat Row, Francis Street, London, Greater London, SW1P 1DH, United Kingdom","Greencoat House, 1, Greencoat Row, Francis Street",London,Greater London,United Kingdom,SW1P 1DH,"A strategy director with over a decade's experience, I spend my time devising insight-driven strategies, leading a team and consulting clients. Working with the likes of tech brands and NGOs, this involves everything from integrated campaign strategy, digital marketing and paid media plans all the way through to narrative and messaging development.For me, strategy is about bringing together art and science. As an English grad and former journalist, my work requires deep audience understanding, creativity, and a good pinch of wordsmithery—“the art”. Then, as a critical thinker and number lover, I equally thrive on the science of analysing data, building processes and devising strategies that solve for business problems.Most recently, I’ve been responsible for devising an end-to-end approach to digital content strategy. The process includes: content auditing and inventories, competitor analysis, gap analysis, user journey mapping, content and social media strategies and narrative frameworks.A strategy director with over a decade's experience, I spend my time devising insight-driven strategies, leading a team and consulting clients. Working with the likes of tech brands and NGOs, this involves everything from integrated campaign strategy, digital marketing and paid media plans all the way through to narrative and messaging development. For me, strategy is about bringing together art and science. As an English grad and former journalist, my work requires deep audience understanding, creativity, and a good pinch of wordsmithery—“the art”. Then, as a critical thinker and number lover, I equally thrive on the science of analysing data, building processes and devising strategies that solve for business problems. Most recently, I’ve been responsible for devising an end-to-end approach to digital content strategy. The process includes: content auditing and inventories, competitor analysis, gap analysis, user journey mapping, content and social media strategies and narrative frameworks. …see more",,https://www.linkedin.com/in/jessieobland/,FALSE,FALSE,18/07/2023 10:10,18/07/2023 10:10,10/04/2024 15:10
e5899578-0a54-47d1-9ab0-9c776fec76a7,wild5de9aff00208412599c330ccefa31aee,Sonder and Tell,Kate,Hamilton,Kate Hamilton,kate@sonderandtell.com,,Co-Founder and CEO,,,,,,,,,,,,,FALSE,FALSE,18/07/2023 10:11,18/07/2023 10:11,20/12/2023 19:01
1bc55815-300f-4f25-a279-402204cc5b23,wild829026d748974a2ba01d52d582a69a85,The Corner,Ollie,Gilmore,Ollie Gilmore,ollie.gilmore@thecornerlondon.com,,Head of Planning,,4.42035E+11,,,,,,,,,,,TRUE,TRUE,18/07/2023 10:11,17/06/2024 18:17,
182eae62-8273-41fc-a6f7-f3b276de2d69,wildbdc7df84141e4a838b3486bbbd0f1b12,Test Company,Test,Contact,Test Contact,lisagills@gmail.com,,,,,,,,,,,,,,,FALSE,FALSE,20/01/2022 09:58,20/01/2022 09:58,20/03/2024 15:22
wild62a1bf2920e84861884eb9fae4a0732a,wilde4a950cbd1f34aaeaa078d645774ebef,Ogilvy UK,Jo,Arden,Jo Arden,jo.arden@ogilvy.com,,Chief Strategy Officer,4.47444E+11,4.42032E+11,,"London, Greater London, United Kingdom",,London,Greater London,United Kingdom,,"Fascinated by the relationship between people, brands and the world. Excited to see where that takes us next.",,https://www.linkedin.com/in/csoogilvyuk/,FALSE,FALSE,24/05/2024 12:42,04/06/2024 19:46,
wild9df7231a5bd44c0d97107ba6b1f43251,wilda56fdabed50a4ec1bf23f648cbe61a09,Across the Pond,Thomas,Dore,Thomas Dore,tom@acrossthepond.com,,Head of Creative Services &amp; Operations,07498795530,,,"London, Greater London, United Kingdom",,London,Greater London,United Kingdom,,,,https://www.linkedin.com/in/thomas-dore-66049517/,FALSE,FALSE,21/05/2024 10:19,21/05/2024 10:19,